{
	"credit": "Made with Blockbench",
	"texture_size": [64, 64],
	"textures": {
		"0": "models/planks/planks_1",
		"particle": "models/planks/planks_1"
	},
	"elements": [
		{
			"from": [-16, -8, 8],
			"to": [32, -4, 18],
			"rotation": {"angle": 22.5, "axis": "y", "origin": [-8, 0, -2]},
			"faces": {
				"north": {"uv": [2.5, 0, 11.25, 0.5], "texture": "#0"},
				"east": {"uv": [2.5, 1.5, 3.75, 2], "texture": "#0"},
				"south": {"uv": [2.5, 0.5, 11.25, 1], "texture": "#0"},
				"west": {"uv": [2.5, 1, 3.75, 1.5], "texture": "#0"},
				"up": {"uv": [1.25, 8.75, 0, 0], "rotation": 270, "texture": "#0"},
				"down": {"uv": [2.5, 0, 1.25, 8.75], "rotation": 90, "texture": "#0"}
			}
		},
		{
			"from": [-16, -2, -2],
			"to": [32, 2, 8],
			"rotation": {"angle": -22.5, "axis": "y", "origin": [-8, 0, -2]},
			"faces": {
				"north": {"uv": [2.5, 0, 11.25, 0.5], "texture": "#0"},
				"east": {"uv": [2.5, 1.5, 3.75, 2], "texture": "#0"},
				"south": {"uv": [2.5, 0.5, 11.25, 1], "texture": "#0"},
				"west": {"uv": [2.5, 1, 3.75, 1.5], "texture": "#0"},
				"up": {"uv": [1.25, 8.75, 0, 0], "rotation": 270, "texture": "#0"},
				"down": {"uv": [2.5, 0, 1.25, 8.75], "rotation": 90, "texture": "#0"}
			}
		},
		{
			"from": [-16, 0, 6],
			"to": [32, 4, 16],
			"rotation": {"angle": 22.5, "axis": "x", "origin": [-8, 0, -2]},
			"faces": {
				"north": {"uv": [2.5, 0, 11.25, 0.5], "texture": "#0"},
				"east": {"uv": [2.5, 1.5, 3.75, 2], "texture": "#0"},
				"south": {"uv": [2.5, 0.5, 11.25, 1], "texture": "#0"},
				"west": {"uv": [2.5, 1, 3.75, 1.5], "texture": "#0"},
				"up": {"uv": [1.25, 8.75, 0, 0], "rotation": 270, "texture": "#0"},
				"down": {"uv": [2.5, 0, 1.25, 8.75], "rotation": 90, "texture": "#0"}
			}
		}
	]
}