{
	"credit": "Made with Blockbench",
	"textures": {
		"0": "models/tools/light/sword",
		"particle": "models/tools/light/sword"
	},
	"elements": [
		{
			"from": [7, 0, 7],
			"to": [9, 7, 9],
			"faces": {
				"north": {"uv": [0, 0, 1.3333, 4.65], "texture": "#0"},
				"east": {"uv": [0, 0, 1.33333, 4.65], "texture": "#0"},
				"south": {"uv": [0, 0, 1.33333, 4.65], "texture": "#0"},
				"west": {"uv": [0, 0, 1.33333, 4.65], "texture": "#0"},
				"up": {"uv": [0, 0, 2, 2], "texture": "#missing"},
				"down": {"uv": [0, 0, 0.66667, 0.66667], "texture": "#0"}
			}
		},
		{
			"from": [7.5, 7, 7.5],
			"to": [8.5, 31, 8.5],
			"faces": {
				"north": {"uv": [1.33333, 0, 1.93333, 16], "texture": "#0"},
				"east": {"uv": [1.33333, 0, 1.93333, 16], "texture": "#0"},
				"south": {"uv": [1.33333, 0, 1.93333, 16], "texture": "#0"},
				"west": {"uv": [1.33333, 0, 1.93333, 16], "texture": "#0"},
				"up": {"uv": [1.33333, 0, 1.93333, 0.6], "texture": "#0"},
				"down": {"uv": [1.33333, 0, 1.93333, 0.6], "texture": "#0"}
			}
		},
		{
			"from": [9.5, 7, 6.5],
			"to": [9.5, 31.5, 9.5],
			"faces": {
				"north": {"uv": [0, 0, 0, 16], "texture": "#missing"},
				"east": {"uv": [13, 0, 16, 16], "texture": "#0"},
				"south": {"uv": [0, 0, 0, 16], "texture": "#missing"},
				"west": {"uv": [8, 0, 8.6, 16], "texture": "#0"},
				"up": {"uv": [0, 0, 0, 3], "texture": "#missing"},
				"down": {"uv": [0, 0, 0, 3], "texture": "#missing"}
			}
		},
		{
			"from": [6.5, 7, 6.5],
			"to": [6.5, 31.5, 9.5],
			"faces": {
				"north": {"uv": [0, 0, 0, 16], "texture": "#missing"},
				"east": {"uv": [8, 0, 8.6, 16], "texture": "#0"},
				"south": {"uv": [0, 0, 0, 16], "texture": "#missing"},
				"west": {"uv": [13, 0, 16, 16], "texture": "#0"},
				"up": {"uv": [0, 0, 0, 3], "texture": "#missing"},
				"down": {"uv": [0, 0, 0, 3], "texture": "#missing"}
			}
		},
		{
			"from": [6.5, 7, 9.5],
			"to": [9.5, 31.5, 9.5],
			"faces": {
				"north": {"uv": [8, 0, 8.6, 16], "texture": "#0"},
				"east": {"uv": [0, 0, 0, 16], "texture": "#missing"},
				"south": {"uv": [13, 0, 16, 16], "texture": "#0"},
				"west": {"uv": [0, 0, 0, 16], "texture": "#missing"},
				"up": {"uv": [0, 0, 3, 0], "texture": "#missing"},
				"down": {"uv": [0, 0, 3, 0], "texture": "#missing"}
			}
		},
		{
			"from": [6.5, 31.5, 6.5],
			"to": [9.5, 31.5, 9.5],
			"faces": {
				"north": {"uv": [0, 0, 3, 0], "texture": "#missing"},
				"east": {"uv": [0, 0, 3, 0], "texture": "#missing"},
				"south": {"uv": [0, 0, 3, 0], "texture": "#missing"},
				"west": {"uv": [0, 0, 3, 0], "texture": "#missing"},
				"up": {"uv": [13, 0, 16, 3], "texture": "#0"},
				"down": {"uv": [8, 0, 8.6, 0.6], "texture": "#0"}
			}
		},
		{
			"from": [6.5, 7, 6.5],
			"to": [9.5, 31.5, 6.5],
			"faces": {
				"north": {"uv": [13, 0, 16, 16], "texture": "#0"},
				"east": {"uv": [0, 0, 0, 16], "texture": "#missing"},
				"south": {"uv": [8, 0, 8.6, 16], "texture": "#0"},
				"west": {"uv": [0, 0, 0, 16], "texture": "#missing"},
				"up": {"uv": [0, 0, 3, 0], "texture": "#missing"},
				"down": {"uv": [0, 0, 3, 0], "texture": "#missing"}
			}
		}
	]
}