{
	"credit": "Made with Blockbench",
	"textures": {
		"0": "models/statue/technobladememorial",
		"2": "models/statue/technobladeplate",
		"3": "models/statue/technobladeplate2",
		"particle": "models/statue/technobladememorial"
	},
	"elements": [
		{
			"from": [16, 8, 0],
			"to": [24, 20, 8],
			"rotation": {"angle": 22.5, "axis": "x", "origin": [0, 18, -8]},
			"faces": {
				"north": {"uv": [7, 14.5, 8, 16], "texture": "#0"},
				"east": {"uv": [6, 14.5, 7, 16], "texture": "#0"},
				"south": {"uv": [5, 14.5, 6, 16], "texture": "#0"},
				"west": {"uv": [4, 14.5, 5, 16], "texture": "#0"},
				"up": {"uv": [5, 12, 6, 13], "texture": "#0"},
				"down": {"uv": [6, 12, 7, 13], "texture": "#0"}
			}
		},
		{
			"from": [8, -4, 6],
			"to": [16, 20, 14],
			"rotation": {"angle": -22.5, "axis": "x", "origin": [0, 18, -8]},
			"faces": {
				"north": {"uv": [2, 5, 3, 8], "texture": "#0"},
				"east": {"uv": [1, 5, 2, 8], "texture": "#0"},
				"south": {"uv": [0, 5, 1, 8], "texture": "#0"},
				"west": {"uv": [3, 5, 4, 8], "texture": "#0"},
				"up": {"uv": [1, 4, 2, 5], "texture": "#0"},
				"down": {"uv": [2, 4, 3, 5], "texture": "#0"}
			}
		},
		{
			"from": [16, 20, 0],
			"to": [24, 32, 8],
			"rotation": {"angle": 22.5, "axis": "x", "origin": [0, 18, -8]},
			"faces": {
				"north": {"uv": [7, 13, 8, 14.5], "texture": "#0"},
				"east": {"uv": [6, 13, 7, 14.5], "texture": "#0"},
				"south": {"uv": [5, 13, 6, 14.5], "texture": "#0"},
				"west": {"uv": [4, 13, 5, 14.5], "texture": "#0"},
				"up": {"uv": [5, 12, 6, 13], "texture": "#0"},
				"down": {"uv": [6, 12, 7, 13], "texture": "#0"}
			}
		},
		{
			"from": [0, -8, -8],
			"to": [32, -4, 24],
			"rotation": {"angle": 0, "axis": "y", "origin": [0, 10, -8]},
			"faces": {
				"north": {"uv": [0, 2, 16, 4], "texture": "#3"},
				"east": {"uv": [0, 0, 16, 2], "texture": "#3"},
				"south": {"uv": [0, 8, 16, 10], "texture": "#3"},
				"west": {"uv": [0, 4, 16, 6], "texture": "#3"},
				"up": {"uv": [0, 0, 16, 16], "texture": "#3"},
				"down": {"uv": [0, 0, 16, 16], "texture": "#3"}
			}
		},
		{
			"from": [2, -4, -6],
			"to": [30, 6, 22],
			"rotation": {"angle": 0, "axis": "y", "origin": [0, 10, -8]},
			"faces": {
				"north": {"uv": [0, 11, 14, 16], "texture": "#2"},
				"east": {"uv": [0, 11, 14, 16], "texture": "#2"},
				"south": {"uv": [0, 0, 16, 6.25], "texture": "#2"},
				"west": {"uv": [0, 5.5, 7.5, 12.25], "texture": "#2"},
				"up": {"uv": [0, 7.5, 14, 16], "texture": "#2"},
				"down": {"uv": [0, 6, 14, 16], "texture": "#2"}
			}
		}
	],
	"groups": [
		{
			"name": "Skin",
			"origin": [8, 8, 8],
			"color": 0,
			"children": [0, 1, 2]
		},
		3,
		4
	]
}