{
	"credit": "Made with Blockbench",
	"textures": {
		"0": "models/rocks/rock_1",
		"particle": "models/rocks/rock_1"
	},
	"elements": [
		{
			"from": [-2, -4, -2],
			"to": [6, -2, 8],
			"rotation": {"angle": 22.5, "axis": "y", "origin": [-2, 0, -2]},
			"faces": {
				"north": {"uv": [0, 6, 4, 7], "texture": "#0"},
				"east": {"uv": [0, 5, 5, 6], "texture": "#0"},
				"south": {"uv": [4, 6, 8, 7], "texture": "#0"},
				"west": {"uv": [5, 5, 10, 6], "texture": "#0"},
				"up": {"uv": [4, 5, 0, 0], "texture": "#0"},
				"down": {"uv": [8, 0, 4, 5], "texture": "#0"}
			}
		},
		{
			"from": [10, -4, 2],
			"to": [18, -3, 8],
			"rotation": {"angle": 22.5, "axis": "y", "origin": [10, 0, 2]},
			"faces": {
				"north": {"uv": [0, 0, 4, 0.5], "texture": "#0"},
				"east": {"uv": [0, 0, 3, 0.5], "texture": "#0"},
				"south": {"uv": [0, 0, 4, 0.5], "texture": "#0"},
				"west": {"uv": [0, 0, 3, 0.5], "texture": "#0"},
				"up": {"uv": [0, 0, 4, 3], "texture": "#0"},
				"down": {"uv": [0, 0, 4, 3], "texture": "#0"}
			}
		},
		{
			"from": [-12, -4, 10],
			"to": [-4, -3, 16],
			"rotation": {"angle": 45, "axis": "y", "origin": [-12, 0, 10]},
			"faces": {
				"north": {"uv": [0, 0, 4, 0.5], "texture": "#0"},
				"east": {"uv": [0, 0, 3, 0.5], "texture": "#0"},
				"south": {"uv": [0, 0, 4, 0.5], "texture": "#0"},
				"west": {"uv": [0, 0, 3, 0.5], "texture": "#0"},
				"up": {"uv": [0, 0, 4, 3], "texture": "#0"},
				"down": {"uv": [0, 0, 4, 3], "texture": "#0"}
			}
		},
		{
			"from": [14, -4, -12],
			"to": [22, -2, -2],
			"rotation": {"angle": 22.5, "axis": "y", "origin": [14, 0, -12]},
			"faces": {
				"north": {"uv": [0, 0, 4, 1], "texture": "#0"},
				"east": {"uv": [0, 0, 5, 1], "texture": "#0"},
				"south": {"uv": [0, 0, 4, 1], "texture": "#0"},
				"west": {"uv": [0, 0, 5, 1], "texture": "#0"},
				"up": {"uv": [0, 0, 4, 5], "texture": "#0"},
				"down": {"uv": [0, 0, 4, 5], "texture": "#0"}
			}
		},
		{
			"from": [24, -4, 8],
			"to": [32, -3, 18],
			"rotation": {"angle": -45, "axis": "y", "origin": [24, 0, 8]},
			"faces": {
				"north": {"uv": [0, 0, 4, 0.5], "texture": "#0"},
				"east": {"uv": [0, 0, 5, 0.5], "texture": "#0"},
				"south": {"uv": [0, 0, 4, 0.5], "texture": "#0"},
				"west": {"uv": [0, 0, 5, 0.5], "texture": "#0"},
				"up": {"uv": [0, 0, 4, 5], "texture": "#0"},
				"down": {"uv": [0, 0, 4, 5], "texture": "#0"}
			}
		},
		{
			"from": [0, -4, 16],
			"to": [11, -2.4, 26],
			"rotation": {"angle": -22.5, "axis": "y", "origin": [10, 0, 16]},
			"faces": {
				"north": {"uv": [0, 0, 5.5, 0.8], "texture": "#0"},
				"east": {"uv": [0, 0, 5, 0.8], "texture": "#0"},
				"south": {"uv": [0, 0, 5.5, 0.8], "texture": "#0"},
				"west": {"uv": [0, 0, 5, 0.8], "texture": "#0"},
				"up": {"uv": [0, 0, 5, 5.5], "rotation": 90, "texture": "#0"},
				"down": {"uv": [0, 0, 5, 5.5], "rotation": 270, "texture": "#0"}
			}
		},
		{
			"from": [4, -4, 10],
			"to": [10, -2.4, 17],
			"rotation": {"angle": 45, "axis": "y", "origin": [12, 0, 20]},
			"faces": {
				"north": {"uv": [0, 0, 3, 0.8], "texture": "#0"},
				"east": {"uv": [0, 0, 3.5, 0.8], "texture": "#0"},
				"south": {"uv": [0, 0, 3, 0.8], "texture": "#0"},
				"west": {"uv": [0, 0, 3.5, 0.8], "texture": "#0"},
				"up": {"uv": [0, 0, 3, 3.5], "rotation": 180, "texture": "#0"},
				"down": {"uv": [0, 0, 3, 3.5], "rotation": 180, "texture": "#missing"}
			}
		},
		{
			"from": [4, -4, -8],
			"to": [12, -2.4, 2],
			"rotation": {"angle": -22.5, "axis": "y", "origin": [4, 0, -8]},
			"faces": {
				"north": {"uv": [0, 0, 4, 0.8], "texture": "#0"},
				"east": {"uv": [0, 0, 5, 0.8], "texture": "#0"},
				"south": {"uv": [0, 0, 4, 0.8], "texture": "#missing"},
				"west": {"uv": [0, 0, 5, 0.8], "texture": "#0"},
				"up": {"uv": [0, 0, 4, 5], "texture": "#0"},
				"down": {"uv": [0, 0, 4, 5], "texture": "#0"}
			}
		}
	]
}