{
	"credit": "Made with Blockbench",
	"textures": {
		"0": "models/rocks/rock_2",
		"particle": "models/rocks/rock_2"
	},
	"elements": [
		{
			"from": [-2, -8, -2],
			"to": [18, 12, 18],
			"rotation": {"angle": 0, "axis": "y", "origin": [-8, 0, -8]},
			"faces": {
				"north": {"uv": [0, 0, 8, 8], "texture": "#0"},
				"east": {"uv": [8, 0, 16, 8], "texture": "#0"},
				"south": {"uv": [0, 0, 8, 8], "texture": "#0"},
				"west": {"uv": [0, 0, 8, 8], "texture": "#0"},
				"up": {"uv": [8, 8, 16, 16], "texture": "#0"},
				"down": {"uv": [0, 8, 8, 16], "texture": "#0"}
			}
		},
		{
			"from": [10, -14, 14],
			"to": [22, -2, 26],
			"rotation": {"angle": 0, "axis": "z", "origin": [-8, 0, -8]},
			"faces": {
				"north": {"uv": [0, 0, 6, 6], "texture": "#0"},
				"east": {"uv": [6, 0, 12, 6], "texture": "#0"},
				"south": {"uv": [0, 0, 6, 6], "texture": "#0"},
				"west": {"uv": [0, 0, 6, 6], "texture": "#0"},
				"up": {"uv": [6, 6, 12, 12], "texture": "#0"},
				"down": {"uv": [0, 6, 6, 12], "texture": "#0"}
			}
		}
	]
}