{
	"credit": "Made with Blockbench",
	"textures": {
		"0": "models/rocks/rock_1",
		"particle": "models/rocks/rock_1"
	},
	"elements": [
		{
			"from": [3, 0, 3],
			"to": [7, 1, 8],
			"rotation": {"angle": 22.5, "axis": "y", "origin": [3, 0, 3]},
			"faces": {
				"north": {"uv": [0, 6, 4, 7], "texture": "#0"},
				"east": {"uv": [0, 5, 5, 6], "texture": "#0"},
				"south": {"uv": [4, 6, 8, 7], "texture": "#0"},
				"west": {"uv": [5, 5, 10, 6], "texture": "#0"},
				"up": {"uv": [4, 5, 0, 0], "texture": "#0"},
				"down": {"uv": [8, 0, 4, 5], "texture": "#0"}
			}
		},
		{
			"from": [9, 0, 5],
			"to": [13, 0.5, 8],
			"rotation": {"angle": 22.5, "axis": "y", "origin": [9, 0, 5]},
			"faces": {
				"north": {"uv": [0, 0, 4, 0.5], "texture": "#0"},
				"east": {"uv": [0, 0, 3, 0.5], "texture": "#0"},
				"south": {"uv": [0, 0, 4, 0.5], "texture": "#0"},
				"west": {"uv": [0, 0, 3, 0.5], "texture": "#0"},
				"up": {"uv": [0, 0, 4, 3], "texture": "#0"},
				"down": {"uv": [0, 0, 4, 3], "texture": "#0"}
			}
		},
		{
			"from": [-2, 0, 9],
			"to": [2, 0.5, 12],
			"rotation": {"angle": 45, "axis": "y", "origin": [-2, 0, 9]},
			"faces": {
				"north": {"uv": [0, 0, 4, 0.5], "texture": "#0"},
				"east": {"uv": [0, 0, 3, 0.5], "texture": "#0"},
				"south": {"uv": [0, 0, 4, 0.5], "texture": "#0"},
				"west": {"uv": [0, 0, 3, 0.5], "texture": "#0"},
				"up": {"uv": [0, 0, 4, 3], "texture": "#0"},
				"down": {"uv": [0, 0, 4, 3], "texture": "#0"}
			}
		},
		{
			"from": [11, 0, -2],
			"to": [15, 1, 3],
			"rotation": {"angle": 22.5, "axis": "y", "origin": [11, 0, -2]},
			"faces": {
				"north": {"uv": [0, 0, 4, 1], "texture": "#0"},
				"east": {"uv": [0, 0, 5, 1], "texture": "#0"},
				"south": {"uv": [0, 0, 4, 1], "texture": "#0"},
				"west": {"uv": [0, 0, 5, 1], "texture": "#0"},
				"up": {"uv": [0, 0, 4, 5], "texture": "#0"},
				"down": {"uv": [0, 0, 4, 5], "texture": "#0"}
			}
		},
		{
			"from": [16, 0, 8],
			"to": [20, 0.5, 13],
			"rotation": {"angle": -45, "axis": "y", "origin": [16, 0, 8]},
			"faces": {
				"north": {"uv": [0, 0, 4, 0.5], "texture": "#0"},
				"east": {"uv": [0, 0, 5, 0.5], "texture": "#0"},
				"south": {"uv": [0, 0, 4, 0.5], "texture": "#0"},
				"west": {"uv": [0, 0, 5, 0.5], "texture": "#0"},
				"up": {"uv": [0, 0, 4, 5], "texture": "#0"},
				"down": {"uv": [0, 0, 4, 5], "texture": "#0"}
			}
		},
		{
			"from": [4, 0, 12],
			"to": [9.5, 0.8, 17],
			"rotation": {"angle": -22.5, "axis": "y", "origin": [9, 0, 12]},
			"faces": {
				"north": {"uv": [0, 0, 5.5, 0.8], "texture": "#0"},
				"east": {"uv": [0, 0, 5, 0.8], "texture": "#0"},
				"south": {"uv": [0, 0, 5.5, 0.8], "texture": "#0"},
				"west": {"uv": [0, 0, 5, 0.8], "texture": "#0"},
				"up": {"uv": [0, 0, 5, 5.5], "rotation": 90, "texture": "#0"},
				"down": {"uv": [0, 0, 5, 5.5], "rotation": 270, "texture": "#0"}
			}
		},
		{
			"from": [6, 0.8, 9],
			"to": [9, 1.6, 12.5],
			"rotation": {"angle": 45, "axis": "y", "origin": [10, 0, 14]},
			"faces": {
				"north": {"uv": [0, 0, 3, 0.8], "texture": "#0"},
				"east": {"uv": [0, 0, 3.5, 0.8], "texture": "#0"},
				"south": {"uv": [0, 0, 3, 0.8], "texture": "#0"},
				"west": {"uv": [0, 0, 3.5, 0.8], "texture": "#0"},
				"up": {"uv": [0, 0, 3, 3.5], "rotation": 180, "texture": "#0"},
				"down": {"uv": [0, 0, 3, 3.5], "rotation": 180, "texture": "#missing"}
			}
		},
		{
			"from": [6, 0, 0],
			"to": [10, 0.8, 5],
			"rotation": {"angle": -22.5, "axis": "y", "origin": [6, 0, 0]},
			"faces": {
				"north": {"uv": [0, 0, 4, 0.8], "texture": "#0"},
				"east": {"uv": [0, 0, 5, 0.8], "texture": "#0"},
				"south": {"uv": [0, 0, 4, 0.8], "texture": "#missing"},
				"west": {"uv": [0, 0, 5, 0.8], "texture": "#0"},
				"up": {"uv": [0, 0, 4, 5], "texture": "#0"},
				"down": {"uv": [0, 0, 4, 5], "texture": "#0"}
			}
		}
	]
}