{
    "providers": [
        {
            "type": "bitmap",
            "file": "minecraft:gui/inventory_bg.png",
            "ascent": 7,
            "height": 170,
            "chars": [
                "\uEff0"
            ]
        },
        {
            "type": "bitmap",
            "file": "minecraft:gui/home.png",
            "ascent": 7,
            "height": 170,
            "chars": [
                "\uEff1"
            ]
        },
        {
            "type": "bitmap",
            "file": "minecraft:gui/forge.png",
            "ascent": 7,
            "height": 170,
            "chars": [
                "\uEff2"
            ]
        },
        {
            "type": "ttf",
            "file": "minecraft:negative_spaces.ttf",
            "shift": [0.0, 0.0],
            "size": 10.0,
            "oversample": 1.0
        },
        {
            "type": "bitmap",
            "file": "minecraft:letters/lowercase/al.png",
            "ascent": 7,
            "height": 7,
            "chars": [
                "\uEf01"
            ]
        },
        {
            "type": "bitmap",
            "file": "minecraft:letters/lowercase/bl.png",
            "ascent": 7,
            "height": 7,
            "chars": [
                "\uEf02"
            ]
        },
        {
            "type": "bitmap",
            "file": "minecraft:letters/lowercase/cl.png",
            "ascent": 7,
            "height": 7,
            "chars": [
                "\uEf03"
            ]
        },
        {
            "type": "bitmap",
            "file": "minecraft:letters/lowercase/dl.png",
            "ascent": 7,
            "height": 7,
            "chars": [
                "\uEf04"
            ]
        },
        {
            "type": "bitmap",
            "file": "minecraft:letters/lowercase/el.png",
            "ascent": 7,
            "height": 7,
            "chars": [
                "\uEf05"
            ]
        },
        {
            "type": "bitmap",
            "file": "minecraft:letters/lowercase/fl.png",
            "ascent": 7,
            "height": 7,
            "chars": [
                "\uEf06"
            ]
        },
        {
            "type": "bitmap",
            "file": "minecraft:letters/lowercase/gl.png",
            "ascent": 7,
            "height": 7,
            "chars": [
                "\uEf07"
            ]
        },
        {
            "type": "bitmap",
            "file": "minecraft:letters/lowercase/hl.png",
            "ascent": 7,
            "height": 7,
            "chars": [
                "\uEf08"
            ]
        },
        {
            "type": "bitmap",
            "file": "minecraft:letters/lowercase/il.png",
            "ascent": 7,
            "height": 7,
            "chars": [
                "\uEf09"
            ]
        },
        {
            "type": "bitmap",
            "file": "minecraft:letters/lowercase/jl.png",
            "ascent": 7,
            "height": 7,
            "chars": [
                "\uEf10"
            ]
        },
        {
            "type": "bitmap",
            "file": "minecraft:letters/lowercase/kl.png",
            "ascent": 7,
            "height": 7,
            "chars": [
                "\uEf11"
            ]
        },
        {
            "type": "bitmap",
            "file": "minecraft:letters/lowercase/ll.png",
            "ascent": 7,
            "height": 7,
            "chars": [
                "\uEf12"
            ]
        },
        {
            "type": "bitmap",
            "file": "minecraft:letters/lowercase/ml.png",
            "ascent": 7,
            "height": 7,
            "chars": [
                "\uEf13"
            ]
        },
        {
            "type": "bitmap",
            "file": "minecraft:letters/lowercase/nl.png",
            "ascent": 7,
            "height": 7,
            "chars": [
                "\uEf14"
            ]
        },
        {
            "type": "bitmap",
            "file": "minecraft:letters/lowercase/ol.png",
            "ascent": 7,
            "height": 7,
            "chars": [
                "\uEf15"
            ]
        },
        {
            "type": "bitmap",
            "file": "minecraft:letters/lowercase/pl.png",
            "ascent": 7,
            "height": 7,
            "chars": [
                "\uEf16"
            ]
        },
        {
            "type": "bitmap",
            "file": "minecraft:letters/lowercase/ql.png",
            "ascent": 7,
            "height": 7,
            "chars": [
                "\uEf17"
            ]
        },
        {
            "type": "bitmap",
            "file": "minecraft:letters/lowercase/rl.png",
            "ascent": 7,
            "height": 7,
            "chars": [
                "\uEf18"
            ]
        },
        {
            "type": "bitmap",
            "file": "minecraft:letters/lowercase/sl.png",
            "ascent": 7,
            "height": 7,
            "chars": [
                "\uEf19"
            ]
        },
        {
            "type": "bitmap",
            "file": "minecraft:letters/lowercase/tl.png",
            "ascent": 7,
            "height": 7,
            "chars": [
                "\uEf20"
            ]
        },
        {
            "type": "bitmap",
            "file": "minecraft:letters/lowercase/ul.png",
            "ascent": 7,
            "height": 7,
            "chars": [
                "\uEf21"
            ]
        },
        {
            "type": "bitmap",
            "file": "minecraft:letters/lowercase/vl.png",
            "ascent": 7,
            "height": 7,
            "chars": [
                "\uEf22"
            ]
        },
        {
            "type": "bitmap",
            "file": "minecraft:letters/lowercase/wl.png",
            "ascent": 7,
            "height": 7,
            "chars": [
                "\uEf23"
            ]
        },
        {
            "type": "bitmap",
            "file": "minecraft:letters/lowercase/xl.png",
            "ascent": 7,
            "height": 7,
            "chars": [
                "\uEf24"
            ]
        },
        {
            "type": "bitmap",
            "file": "minecraft:letters/lowercase/yl.png",
            "ascent": 7,
            "height": 7,
            "chars": [
                "\uEf25"
            ]
        },
        {
            "type": "bitmap",
            "file": "minecraft:letters/lowercase/zl.png",
            "ascent": 7,
            "height": 7,
            "chars": [
                "\uEf26"
            ]
        },
        {
            "type": "bitmap",
            "file": "minecraft:letters/uppercase/al.png",
            "ascent": 7,
            "height": 7,
            "chars": [
                "\uEe01"
            ]
        },
        {
            "type": "bitmap",
            "file": "minecraft:letters/uppercase/bl.png",
            "ascent": 7,
            "height": 7,
            "chars": [
                "\uEe02"
            ]
        },
        {
            "type": "bitmap",
            "file": "minecraft:letters/uppercase/cl.png",
            "ascent": 7,
            "height": 7,
            "chars": [
                "\uEe03"
            ]
        },
        {
            "type": "bitmap",
            "file": "minecraft:letters/uppercase/dl.png",
            "ascent": 7,
            "height": 7,
            "chars": [
                "\uEe04"
            ]
        },
        {
            "type": "bitmap",
            "file": "minecraft:letters/uppercase/el.png",
            "ascent": 7,
            "height": 7,
            "chars": [
                "\uEe05"
            ]
        },
        {
            "type": "bitmap",
            "file": "minecraft:letters/uppercase/fl.png",
            "ascent": 7,
            "height": 7,
            "chars": [
                "\uEe06"
            ]
        },
        {
            "type": "bitmap",
            "file": "minecraft:letters/uppercase/gl.png",
            "ascent": 7,
            "height": 7,
            "chars": [
                "\uEe07"
            ]
        },
        {
            "type": "bitmap",
            "file": "minecraft:letters/uppercase/hl.png",
            "ascent": 7,
            "height": 7,
            "chars": [
                "\uEe08"
            ]
        },
        {
            "type": "bitmap",
            "file": "minecraft:letters/uppercase/il.png",
            "ascent": 7,
            "height": 7,
            "chars": [
                "\uEe09"
            ]
        },
        {
            "type": "bitmap",
            "file": "minecraft:letters/uppercase/jl.png",
            "ascent": 7,
            "height": 7,
            "chars": [
                "\uEe10"
            ]
        },
        {
            "type": "bitmap",
            "file": "minecraft:letters/uppercase/kl.png",
            "ascent": 7,
            "height": 7,
            "chars": [
                "\uEe11"
            ]
        },
        {
            "type": "bitmap",
            "file": "minecraft:letters/uppercase/ll.png",
            "ascent": 7,
            "height": 7,
            "chars": [
                "\uEe12"
            ]
        },
        {
            "type": "bitmap",
            "file": "minecraft:letters/uppercase/ml.png",
            "ascent": 7,
            "height": 7,
            "chars": [
                "\uEe13"
            ]
        },
        {
            "type": "bitmap",
            "file": "minecraft:letters/uppercase/nl.png",
            "ascent": 7,
            "height": 7,
            "chars": [
                "\uEe14"
            ]
        },
        {
            "type": "bitmap",
            "file": "minecraft:letters/uppercase/ol.png",
            "ascent": 7,
            "height": 7,
            "chars": [
                "\uEe15"
            ]
        },
        {
            "type": "bitmap",
            "file": "minecraft:letters/uppercase/pl.png",
            "ascent": 7,
            "height": 7,
            "chars": [
                "\uEe16"
            ]
        },
        {
            "type": "bitmap",
            "file": "minecraft:letters/uppercase/ql.png",
            "ascent": 7,
            "height": 7,
            "chars": [
                "\uEe17"
            ]
        },
        {
            "type": "bitmap",
            "file": "minecraft:letters/uppercase/rl.png",
            "ascent": 7,
            "height": 7,
            "chars": [
                "\uEe18"
            ]
        },
        {
            "type": "bitmap",
            "file": "minecraft:letters/uppercase/sl.png",
            "ascent": 7,
            "height": 7,
            "chars": [
                "\uEe19"
            ]
        },
        {
            "type": "bitmap",
            "file": "minecraft:letters/uppercase/tl.png",
            "ascent": 7,
            "height": 7,
            "chars": [
                "\uEe20"
            ]
        },
        {
            "type": "bitmap",
            "file": "minecraft:letters/uppercase/ul.png",
            "ascent": 7,
            "height": 7,
            "chars": [
                "\uEe21"
            ]
        },
        {
            "type": "bitmap",
            "file": "minecraft:letters/uppercase/vl.png",
            "ascent": 7,
            "height": 7,
            "chars": [
                "\uEe22"
            ]
        },
        {
            "type": "bitmap",
            "file": "minecraft:letters/uppercase/wl.png",
            "ascent": 7,
            "height": 7,
            "chars": [
                "\uEe23"
            ]
        },
        {
            "type": "bitmap",
            "file": "minecraft:letters/uppercase/xl.png",
            "ascent": 7,
            "height": 7,
            "chars": [
                "\uEe24"
            ]
        },
        {
            "type": "bitmap",
            "file": "minecraft:letters/uppercase/yl.png",
            "ascent": 7,
            "height": 7,
            "chars": [
                "\uEe25"
            ]
        },
        {
            "type": "bitmap",
            "file": "minecraft:letters/uppercase/zl.png",
            "ascent": 7,
            "height": 7,
            "chars": [
                "\uEe26"
            ]
        },
        {
            "type": "bitmap",
            "file": "minecraft:letters/symbols/slash.png",
            "ascent": 7,
            "height": 7,
            "chars": [
                "\uEF72"
            ]
        },
        {
            "type": "bitmap",
            "file": "minecraft:letters/spacer.png",
            "ascent": 7,
            "height": 7,
            "chars": [
                "\uEF73"
            ]
        },
        {
            "type": "bitmap",
            "file": "minecraft:emoji/heart.png",
            "ascent": 7,
            "height": 7,
            "chars": [
                "\uEF74"
            ]
        },
        {
            "type": "bitmap",
            "file": "minecraft:emoji/skull.png",
            "ascent": 7,
            "height": 7,
            "chars": [
                "\uEF75"
            ]
        },
        {
            "type": "bitmap",
            "file": "minecraft:recipe/builderswand.png",
            "ascent": 7,
            "height": 67,
            "chars": [
                "\uEFD8"
            ]
        }
    ]
}