{
	"credit": "Made with Blockbench",
	"textures": {
		"0": "models/medieval/bench/texture",
		"particle": "models/medieval/bench/texture"
	},
	"elements": [
		{
			"from": [-4, -16, 30],
			"to": [24, 6, 30],
			"rotation": {"angle": 0, "axis": "y", "origin": [-8, 0, -8]},
			"faces": {
				"north": {"uv": [8.5, 0, 15.5, 7], "texture": "#0"},
				"east": {"uv": [0, 0, 0, 14], "texture": "#0"},
				"south": {"uv": [15.5, 0, 8.5, 7], "texture": "#0"},
				"west": {"uv": [0, 0, 0, 14], "texture": "#0"},
				"up": {"uv": [0, 0, 14, 0], "texture": "#missing"},
				"down": {"uv": [0, 0, 14, 0], "texture": "#missing"}
			}
		},
		{
			"from": [-8, -16, 28],
			"to": [-4, 4, 32],
			"rotation": {"angle": 0, "axis": "y", "origin": [-8, 0, -8]},
			"faces": {
				"north": {"uv": [1, 1, 2, 8.5], "texture": "#0"},
				"east": {"uv": [0, 1, 1, 8.5], "texture": "#0"},
				"south": {"uv": [3, 1, 4, 8.5], "texture": "#0"},
				"west": {"uv": [2, 1, 3, 8.5], "rotation": 180, "texture": "#0"},
				"up": {"uv": [4, 1, 5, 2], "texture": "#0"},
				"down": {"uv": [0, 0, 2, 2], "texture": "#0"}
			}
		},
		{
			"from": [-6, -16, 0],
			"to": [-6, -11, 24],
			"rotation": {"angle": 0, "axis": "y", "origin": [-8, 0, -8]},
			"faces": {
				"north": {"uv": [0, 0, 0, 5], "texture": "#0"},
				"east": {"uv": [0, 8.5, 6, 9.5], "texture": "#0"},
				"south": {"uv": [0, 0, 0, 5], "texture": "#0"},
				"west": {"uv": [0, 8.5, 6, 9.5], "texture": "#0"},
				"up": {"uv": [0, 0, 0, 12], "texture": "#missing"},
				"down": {"uv": [0, 0, 0, 12], "texture": "#missing"}
			}
		},
		{
			"from": [-8, -11, -2],
			"to": [-4, -9, 28],
			"rotation": {"angle": 0, "axis": "y", "origin": [-8, 0, -8]},
			"faces": {
				"north": {"uv": [0, 0, 2, 1], "texture": "#0"},
				"east": {"uv": [0, 0, 8.5, 1], "texture": "#0"},
				"south": {"uv": [0, 0, 2, 1], "texture": "#0"},
				"west": {"uv": [0, 0, 8.5, 1], "texture": "#0"},
				"up": {"uv": [0, 1, 2, 8.5], "texture": "#0"},
				"down": {"uv": [6.5, 1, 8.5, 8.5], "texture": "#0"}
			}
		}
	]
}