{
	"credit": "Made with Blockbench",
	"textures": {
		"0": "models/medieval/bench/texture",
		"particle": "models/medieval/bench/texture"
	},
	"elements": [
		{
			"from": [-8, -16, 30],
			"to": [20, 6, 30],
			"rotation": {"angle": 0, "axis": "y", "origin": [24, 0, -8]},
			"faces": {
				"north": {"uv": [15.5, 0, 8.5, 7], "texture": "#0"},
				"east": {"uv": [0, 0, 0, 14], "texture": "#0"},
				"south": {"uv": [8.5, 0, 15.5, 7], "texture": "#0"},
				"west": {"uv": [0, 0, 0, 14], "texture": "#0"},
				"up": {"uv": [14, 0, 0, 0], "texture": "#missing"},
				"down": {"uv": [14, 0, 0, 0], "texture": "#missing"}
			}
		},
		{
			"from": [20, -16, 28],
			"to": [24, 4, 32],
			"rotation": {"angle": 0, "axis": "y", "origin": [24, 0, -8]},
			"faces": {
				"north": {"uv": [2, 1, 1, 8.5], "texture": "#0"},
				"east": {"uv": [3, 1, 2, 8.5], "rotation": 180, "texture": "#0"},
				"south": {"uv": [4, 1, 3, 8.5], "texture": "#0"},
				"west": {"uv": [1, 1, 0, 8.5], "texture": "#0"},
				"up": {"uv": [5, 1, 4, 2], "texture": "#0"},
				"down": {"uv": [2, 0, 0, 2], "texture": "#0"}
			}
		},
		{
			"from": [22, -16, 0],
			"to": [22, -11, 24],
			"rotation": {"angle": 0, "axis": "y", "origin": [24, 0, -8]},
			"faces": {
				"north": {"uv": [0, 0, 0, 5], "texture": "#0"},
				"east": {"uv": [6, 8.5, 0, 9.5], "texture": "#0"},
				"south": {"uv": [0, 0, 0, 5], "texture": "#0"},
				"west": {"uv": [6, 8.5, 0, 9.5], "texture": "#0"},
				"up": {"uv": [0, 0, 0, 12], "texture": "#missing"},
				"down": {"uv": [0, 0, 0, 12], "texture": "#missing"}
			}
		},
		{
			"from": [20, -11, -2],
			"to": [24, -9, 28],
			"rotation": {"angle": 0, "axis": "y", "origin": [24, 0, -8]},
			"faces": {
				"north": {"uv": [2, 0, 0, 1], "texture": "#0"},
				"east": {"uv": [8.5, 0, 0, 1], "texture": "#0"},
				"south": {"uv": [2, 0, 0, 1], "texture": "#0"},
				"west": {"uv": [8.5, 0, 0, 1], "texture": "#0"},
				"up": {"uv": [2, 1, 0, 8.5], "texture": "#0"},
				"down": {"uv": [8.5, 1, 6.5, 8.5], "texture": "#0"}
			}
		}
	]
}