{
	"credit": "Made with Blockbench",
	"textures": {
		"0": "models/medieval/chair/Pillow",
		"1": "models/medieval/chair/chairBase",
		"2": "models/medieval/chair/chairLeg",
		"3": "models/medieval/chair/chairLegSupport",
		"particle": "models/medieval/chair/Pillow"
	},
	"elements": [
		{
			"from": [1, 0, 1],
			"to": [2, 13, 2],
			"faces": {
				"north": {"uv": [0, 0, 1, 13], "texture": "#2"},
				"east": {"uv": [1, 0, 2, 13], "texture": "#2"},
				"south": {"uv": [2, 0, 3, 13], "texture": "#2"},
				"west": {"uv": [3, 0, 4, 13], "texture": "#2"},
				"up": {"uv": [5, 1, 4, 0], "texture": "#2"},
				"down": {"uv": [5, 1, 4, 2], "texture": "#2"}
			}
		},
		{
			"from": [14, 0, 1],
			"to": [15, 13, 2],
			"rotation": {"angle": 0, "axis": "y", "origin": [13, 0, 0]},
			"faces": {
				"north": {"uv": [0, 0, 1, 13], "texture": "#2"},
				"east": {"uv": [1, 0, 2, 13], "texture": "#2"},
				"south": {"uv": [2, 0, 3, 13], "texture": "#2"},
				"west": {"uv": [3, 0, 4, 13], "texture": "#2"},
				"up": {"uv": [5, 1, 4, 0], "texture": "#2"},
				"down": {"uv": [5, 1, 4, 2], "texture": "#2"}
			}
		},
		{
			"from": [14, 0, 14],
			"to": [15, 13, 15],
			"rotation": {"angle": 0, "axis": "y", "origin": [13, 0, 13]},
			"faces": {
				"north": {"uv": [0, 0, 1, 13], "texture": "#2"},
				"east": {"uv": [1, 0, 2, 13], "texture": "#2"},
				"south": {"uv": [2, 0, 3, 13], "texture": "#2"},
				"west": {"uv": [3, 0, 4, 13], "texture": "#2"},
				"up": {"uv": [5, 1, 4, 0], "texture": "#2"},
				"down": {"uv": [5, 1, 4, 2], "texture": "#2"}
			}
		},
		{
			"from": [1, 0, 14],
			"to": [2, 13, 15],
			"rotation": {"angle": 0, "axis": "y", "origin": [0, 0, 13]},
			"faces": {
				"north": {"uv": [0, 0, 1, 13], "texture": "#2"},
				"east": {"uv": [1, 0, 2, 13], "texture": "#2"},
				"south": {"uv": [2, 0, 3, 13], "texture": "#2"},
				"west": {"uv": [3, 0, 4, 13], "texture": "#2"},
				"up": {"uv": [5, 1, 4, 0], "texture": "#2"},
				"down": {"uv": [5, 1, 4, 2], "texture": "#2"}
			}
		},
		{
			"from": [1, 5.1, 2],
			"to": [2, 5.9, 14],
			"rotation": {"angle": 0, "axis": "y", "origin": [-13, 5, -12]},
			"faces": {
				"north": {"uv": [2, 2, 3, 3], "texture": "#3"},
				"east": {"uv": [0, 0, 12, 1], "texture": "#3"},
				"south": {"uv": [2, 3, 3, 4], "texture": "#3"},
				"west": {"uv": [0, 1, 12, 2], "texture": "#3"},
				"up": {"uv": [1, 14, 0, 2], "texture": "#3"},
				"down": {"uv": [2, 2, 1, 14], "texture": "#3"}
			}
		},
		{
			"from": [14, 5.1, 2],
			"to": [15, 5.9, 14],
			"rotation": {"angle": 0, "axis": "y", "origin": [0, 5, -12]},
			"faces": {
				"north": {"uv": [2, 2, 3, 3], "texture": "#3"},
				"east": {"uv": [0, 0, 12, 1], "texture": "#3"},
				"south": {"uv": [2, 3, 3, 4], "texture": "#3"},
				"west": {"uv": [0, 1, 12, 2], "texture": "#3"},
				"up": {"uv": [1, 14, 0, 2], "texture": "#3"},
				"down": {"uv": [2, 2, 1, 14], "texture": "#3"}
			}
		},
		{
			"from": [2, 5.25, 7],
			"to": [14, 5.75, 8],
			"rotation": {"angle": 0, "axis": "y", "origin": [-12, 5, -7]},
			"faces": {
				"north": {"uv": [0, 0, 12, 0.5], "texture": "#3"},
				"east": {"uv": [0, 0, 1, 0.5], "texture": "#missing"},
				"south": {"uv": [0, 0, 12, 0.5], "texture": "#3"},
				"west": {"uv": [0, 0, 1, 0.5], "texture": "#missing"},
				"up": {"uv": [0, 1, 12, 2], "texture": "#3"},
				"down": {"uv": [0, 0, 12, 1], "texture": "#3"}
			}
		},
		{
			"from": [0.25, 14, 0.52],
			"to": [15.75, 15, 15.02],
			"rotation": {"angle": 0, "axis": "y", "origin": [0, 14, 0]},
			"faces": {
				"north": {"uv": [8, 0, 16, 0.5], "texture": "#0"},
				"east": {"uv": [8, 0.5, 16, 1], "texture": "#0"},
				"south": {"uv": [8, 1, 16, 1.5], "texture": "#0"},
				"west": {"uv": [8, 1.5, 16, 2], "texture": "#0"},
				"up": {"uv": [8, 8, 0, 0], "texture": "#0"},
				"down": {"uv": [8, 8, 0, 16], "texture": "#0"}
			}
		},
		{
			"from": [-0.25, 13, -0.25],
			"to": [16.25, 14, 16.25],
			"rotation": {"angle": 0, "axis": "y", "origin": [0, 13, 0]},
			"faces": {
				"north": {"uv": [4.25, 0, 8.5, 0.25], "texture": "#1"},
				"east": {"uv": [4.25, 0.25, 8.5, 0.5], "texture": "#1"},
				"south": {"uv": [4.25, 0.5, 8.5, 0.75], "texture": "#1"},
				"west": {"uv": [4.25, 0.75, 8.5, 1], "texture": "#1"},
				"up": {"uv": [4.25, 4.25, 0, 0], "texture": "#1"},
				"down": {"uv": [4.25, 4.25, 0, 8.5], "texture": "#1"}
			}
		},
		{
			"from": [0.75, 14, 15.25],
			"to": [1.75, 32, 16.25],
			"rotation": {"angle": 0, "axis": "z", "origin": [1, 14, 15]},
			"faces": {
				"north": {"uv": [0, 0, 1, 13], "texture": "#2"},
				"east": {"uv": [3, 0, 4, 13], "texture": "#2"},
				"south": {"uv": [2, 0, 3, 13], "texture": "#2"},
				"west": {"uv": [1, 0, 2, 13], "texture": "#2"},
				"up": {"uv": [4, 0, 5, 1], "texture": "#2"},
				"down": {"uv": [0, 0, 1, 1], "texture": "#missing"}
			}
		},
		{
			"from": [1.55, 17, 15.45],
			"to": [2.35, 31, 16.05],
			"rotation": {"angle": 0, "axis": "y", "origin": [1.8, 17, 15.2]},
			"faces": {
				"north": {"uv": [0, 0, 0.8, 14], "texture": "#3"},
				"east": {"uv": [0, 0, 0.6, 14], "texture": "#3"},
				"south": {"uv": [0, 0, 0.8, 14], "texture": "#3"},
				"west": {"uv": [0, 0, 0.6, 14], "texture": "#3"},
				"up": {"uv": [0, 0, 0.8, 0.6], "texture": "#missing"},
				"down": {"uv": [0, 0, 0.8, 0.6], "texture": "#missing"}
			}
		},
		{
			"from": [3.55, 17, 15.45],
			"to": [4.35, 31, 16.05],
			"rotation": {"angle": 0, "axis": "y", "origin": [3.8, 17, 15.2]},
			"faces": {
				"north": {"uv": [0, 0, 0.8, 14], "texture": "#3"},
				"east": {"uv": [0, 0, 0.6, 14], "texture": "#3"},
				"south": {"uv": [0, 0, 0.8, 14], "texture": "#3"},
				"west": {"uv": [0, 0, 0.6, 14], "texture": "#3"},
				"up": {"uv": [0, 0, 0.8, 0.6], "texture": "#missing"},
				"down": {"uv": [0, 0, 0.8, 0.6], "texture": "#missing"}
			}
		},
		{
			"from": [7.55, 17, 15.45],
			"to": [8.35, 31, 16.05],
			"rotation": {"angle": 0, "axis": "y", "origin": [7.8, 17, 15.2]},
			"faces": {
				"north": {"uv": [0, 0, 0.8, 14], "texture": "#3"},
				"east": {"uv": [0, 0, 0.6, 14], "texture": "#3"},
				"south": {"uv": [0, 0, 0.8, 14], "texture": "#3"},
				"west": {"uv": [0, 0, 0.6, 14], "texture": "#3"},
				"up": {"uv": [0, 0, 0.8, 0.6], "texture": "#missing"},
				"down": {"uv": [0, 0, 0.8, 0.6], "texture": "#missing"}
			}
		},
		{
			"from": [5.55, 17, 15.45],
			"to": [6.35, 31, 16.05],
			"rotation": {"angle": 0, "axis": "y", "origin": [5.8, 17, 15.2]},
			"faces": {
				"north": {"uv": [0, 0, 0.8, 14], "texture": "#3"},
				"east": {"uv": [0, 0, 0.6, 14], "texture": "#3"},
				"south": {"uv": [0, 0, 0.8, 14], "texture": "#3"},
				"west": {"uv": [0, 0, 0.6, 14], "texture": "#3"},
				"up": {"uv": [0, 0, 0.8, 0.6], "texture": "#missing"},
				"down": {"uv": [0, 0, 0.8, 0.6], "texture": "#missing"}
			}
		},
		{
			"from": [11.55, 17, 15.45],
			"to": [12.35, 31, 16.05],
			"rotation": {"angle": 0, "axis": "y", "origin": [11.8, 17, 15.2]},
			"faces": {
				"north": {"uv": [0, 0, 0.8, 14], "texture": "#3"},
				"east": {"uv": [0, 0, 0.6, 14], "texture": "#3"},
				"south": {"uv": [0, 0, 0.8, 14], "texture": "#3"},
				"west": {"uv": [0, 0, 0.6, 14], "texture": "#3"},
				"up": {"uv": [0, 0, 0.8, 0.6], "texture": "#missing"},
				"down": {"uv": [0, 0, 0.8, 0.6], "texture": "#missing"}
			}
		},
		{
			"from": [13.55, 17, 15.45],
			"to": [14.35, 31, 16.05],
			"rotation": {"angle": 0, "axis": "y", "origin": [13.8, 17, 15.2]},
			"faces": {
				"north": {"uv": [0, 0, 0.8, 14], "texture": "#3"},
				"east": {"uv": [0, 0, 0.6, 14], "texture": "#3"},
				"south": {"uv": [0, 0, 0.8, 14], "texture": "#3"},
				"west": {"uv": [0, 0, 0.6, 14], "texture": "#3"},
				"up": {"uv": [0, 0, 0.8, 0.6], "texture": "#missing"},
				"down": {"uv": [0, 0, 0.8, 0.6], "texture": "#missing"}
			}
		},
		{
			"from": [9.55, 17, 15.45],
			"to": [10.35, 31, 16.05],
			"rotation": {"angle": 0, "axis": "y", "origin": [9.8, 17, 15.2]},
			"faces": {
				"north": {"uv": [0, 0, 0.8, 14], "texture": "#3"},
				"east": {"uv": [0, 0, 0.6, 14], "texture": "#3"},
				"south": {"uv": [0, 0, 0.8, 14], "texture": "#3"},
				"west": {"uv": [0, 0, 0.6, 14], "texture": "#3"},
				"up": {"uv": [0, 0, 0.8, 0.6], "texture": "#missing"},
				"down": {"uv": [0, 0, 0.8, 0.6], "texture": "#missing"}
			}
		},
		{
			"from": [14.25, 14, 15.25],
			"to": [15.25, 32, 16.25],
			"rotation": {"angle": 0, "axis": "y", "origin": [14, 14, 15]},
			"faces": {
				"north": {"uv": [0, 0, 1, 13], "texture": "#2"},
				"east": {"uv": [1, 0, 2, 13], "texture": "#2"},
				"south": {"uv": [2, 0, 3, 13], "texture": "#2"},
				"west": {"uv": [3, 0, 4, 13], "texture": "#2"},
				"up": {"uv": [0, 0, 1, 1], "texture": "#2"},
				"down": {"uv": [0, 0, 1, 1], "texture": "#missing"}
			}
		},
		{
			"from": [1.75, 31, 15.25],
			"to": [14.25, 32, 16.25],
			"rotation": {"angle": 0, "axis": "y", "origin": [2, 31, 15]},
			"faces": {
				"north": {"uv": [0, 1, 11.5, 2], "texture": "#3"},
				"east": {"uv": [0, 0, 1, 1], "texture": "#missing"},
				"south": {"uv": [0, 1, 11.5, 2], "texture": "#3"},
				"west": {"uv": [0, 0, 1, 1], "texture": "#missing"},
				"up": {"uv": [0, 0, 11.5, 1], "texture": "#3"},
				"down": {"uv": [0, 1, 11.5, 2], "texture": "#3"}
			}
		},
		{
			"from": [1.75, 16, 15.25],
			"to": [14.25, 17, 16.25],
			"rotation": {"angle": 0, "axis": "y", "origin": [2, 16, 15]},
			"faces": {
				"north": {"uv": [0, 1, 11.5, 2], "texture": "#3"},
				"east": {"uv": [0, 0, 1, 1], "texture": "#missing"},
				"south": {"uv": [0, 1, 11.5, 2], "texture": "#3"},
				"west": {"uv": [0, 0, 1, 1], "texture": "#missing"},
				"up": {"uv": [0, 0, 11.5, 1], "texture": "#3"},
				"down": {"uv": [0, 1, 11.5, 2], "texture": "#3"}
			}
		}
	],
	"groups": [
		{
			"name": "Legs",
			"origin": [8, 8, 8],
			"color": 0,
			"children": [0, 1, 2, 3, 4, 5, 6]
		},
		{
			"name": "Base",
			"origin": [8, 8, 8],
			"color": 0,
			"children": [7, 8]
		},
		{
			"name": "Back",
			"origin": [0, 0, 0],
			"color": 0,
			"children": [9, 10, 11, 12, 13, 14, 15, 16, 17, 18, 19]
		}
	]
}