{
	"credit": "Made with Blockbench",
	"textures": {
		"1": "models/medieval/chair/spruce_planks",
		"particle": "models/medieval/chair/chair_leg"
	},
	"elements": [
		{
			"from": [-12.5, -12, 23.5],
			"to": [-10.5, 22, 25.5],
			"rotation": {"angle": -22.5, "axis": "y", "origin": [8, 6, 23.5]},
			"faces": {
				"north": {"uv": [0, 0, 1, 13], "texture": "#1"},
				"east": {"uv": [3, 0, 4, 13], "texture": "#1"},
				"south": {"uv": [2, 0, 3, 13], "texture": "#1"},
				"west": {"uv": [1, 0, 2, 13], "texture": "#1"},
				"up": {"uv": [4, 0, 5, 1], "texture": "#1"},
				"down": {"uv": [0, 0, 1, 1], "texture": "#1"}
			}
		},
		{
			"from": [-10.9, -8, 23.9],
			"to": [-9.3, 20, 25.1],
			"rotation": {"angle": -22.5, "axis": "y", "origin": [8, 6, 23.5]},
			"faces": {
				"north": {"uv": [1, 0, 1.8, 13], "texture": "#1"},
				"east": {"uv": [0, 0, 0.85, 13], "texture": "#1"},
				"south": {"uv": [0, 0, 0.8, 13], "texture": "#1"},
				"west": {"uv": [0, 0, 0.6, 14], "texture": "#1"},
				"up": {"uv": [0, 0, 0.8, 0.6], "texture": "#1"},
				"down": {"uv": [0, 0, 0.8, 0.6], "texture": "#1"}
			}
		},
		{
			"from": [-6.9, -8, 23.9],
			"to": [-5.3, 20, 25.1],
			"rotation": {"angle": -22.5, "axis": "y", "origin": [8, 6, 23.5]},
			"faces": {
				"north": {"uv": [0, 0, 0.8, 12.75], "texture": "#1"},
				"east": {"uv": [1, 0, 1.6, 13], "texture": "#1"},
				"south": {"uv": [0, 0, 0.8, 13], "texture": "#1"},
				"west": {"uv": [0, 0, 0.6, 13], "texture": "#1"},
				"up": {"uv": [0, 0, 0.8, 0.6], "texture": "#1"},
				"down": {"uv": [0, 0, 0.8, 0.6], "texture": "#1"}
			}
		},
		{
			"from": [1.1, -8, 23.9],
			"to": [2.7, 20, 25.1],
			"rotation": {"angle": -22.5, "axis": "y", "origin": [8, 6, 23.5]},
			"faces": {
				"north": {"uv": [0, 0, 1.05, 13], "texture": "#1"},
				"east": {"uv": [2, 0, 2.85, 13], "texture": "#1"},
				"south": {"uv": [0, 0, 0.8, 13], "texture": "#1"},
				"west": {"uv": [0, 0, 0.6, 13], "texture": "#1"},
				"up": {"uv": [0, 0, 0.8, 0.6], "texture": "#1"},
				"down": {"uv": [0, 0, 0.8, 0.6], "texture": "#1"}
			}
		},
		{
			"from": [-2.9, -8, 23.9],
			"to": [-1.3, 20, 25.1],
			"rotation": {"angle": -22.5, "axis": "y", "origin": [8, 6, 23.5]},
			"faces": {
				"north": {"uv": [0, 0, 1.05, 13], "texture": "#1"},
				"east": {"uv": [3, 0, 3.85, 13], "texture": "#1"},
				"south": {"uv": [0, 0, 0.8, 11], "texture": "#1"},
				"west": {"uv": [0, 0, 0.6, 13], "texture": "#1"},
				"up": {"uv": [0, 0, 0.8, 0.6], "texture": "#1"},
				"down": {"uv": [0, 0, 0.8, 0.6], "texture": "#1"}
			}
		},
		{
			"from": [9.1, -8, 23.9],
			"to": [10.7, 20, 25.1],
			"rotation": {"angle": -22.5, "axis": "y", "origin": [8, 6, 23.5]},
			"faces": {
				"north": {"uv": [0, 0, 1.3, 13], "texture": "#1"},
				"east": {"uv": [2, 0, 3.1, 13], "texture": "#1"},
				"south": {"uv": [0, 0, 0.8, 11], "texture": "#1"},
				"west": {"uv": [0, 0, 0.6, 13], "texture": "#1"},
				"up": {"uv": [0, 0, 0.8, 0.6], "texture": "#1"},
				"down": {"uv": [0, 0, 0.8, 0.6], "texture": "#1"}
			}
		},
		{
			"from": [13.1, -8, 23.9],
			"to": [14.7, 20, 25.1],
			"rotation": {"angle": -22.5, "axis": "y", "origin": [8, 6, 23.5]},
			"faces": {
				"north": {"uv": [0, 0, 0.8, 13], "texture": "#1"},
				"east": {"uv": [0, 0, 0.6, 14], "texture": "#1"},
				"south": {"uv": [0, 0, 1.8, 13], "texture": "#1"},
				"west": {"uv": [0, 0, 0.6, 13], "texture": "#1"},
				"up": {"uv": [0, 0, 0.8, 0.6], "texture": "#1"},
				"down": {"uv": [0, 0, 0.8, 0.6], "texture": "#1"}
			}
		},
		{
			"from": [5.1, -8, 23.9],
			"to": [6.7, 20, 25.1],
			"rotation": {"angle": -22.5, "axis": "y", "origin": [8, 6, 23.5]},
			"faces": {
				"north": {"uv": [0, 0, 0.8, 13], "texture": "#1"},
				"east": {"uv": [1, 0, 1.85, 13], "texture": "#1"},
				"south": {"uv": [0, 0, 0.8, 12], "texture": "#1"},
				"west": {"uv": [0, 0, 0.6, 13], "texture": "#1"},
				"up": {"uv": [0, 0, 0.8, 0.6], "texture": "#1"},
				"down": {"uv": [0, 0, 0.8, 0.6], "texture": "#1"}
			}
		},
		{
			"from": [14.5, -12, 23.5],
			"to": [16.5, 22, 25.5],
			"rotation": {"angle": -22.5, "axis": "y", "origin": [8, 6, 23.5]},
			"faces": {
				"north": {"uv": [0, 0, 1, 13], "texture": "#1"},
				"east": {"uv": [1, 0, 2, 13], "texture": "#1"},
				"south": {"uv": [2, 0, 3, 13], "texture": "#1"},
				"west": {"uv": [3, 0, 4, 13], "texture": "#1"},
				"up": {"uv": [0, 0, 1, 1], "texture": "#1"},
				"down": {"uv": [0, 0, 1, 1], "texture": "#1"}
			}
		},
		{
			"from": [-10.5, 20, 23.5],
			"to": [14.5, 22, 25.5],
			"rotation": {"angle": -22.5, "axis": "y", "origin": [8, 6, 23.5]},
			"faces": {
				"north": {"uv": [0, 3, 16, 4], "texture": "#1"},
				"east": {"uv": [0, 0, 1, 1], "texture": "#1"},
				"south": {"uv": [0, 1, 16, 2], "texture": "#1"},
				"west": {"uv": [0, 0, 16, 1], "texture": "#1"},
				"up": {"uv": [0, 4, 16, 5], "texture": "#1"},
				"down": {"uv": [0, 2, 16, 3], "texture": "#1"}
			}
		},
		{
			"from": [-10.5, -10, 23.5],
			"to": [14.5, -8, 25.5],
			"rotation": {"angle": -22.5, "axis": "y", "origin": [8, 6, 23.5]},
			"faces": {
				"north": {"uv": [0, 1, 16, 2], "texture": "#1"},
				"east": {"uv": [0, 0, 1, 1], "texture": "#1"},
				"south": {"uv": [0, 0, 16, 1], "texture": "#1"},
				"west": {"uv": [0, 0, 1, 1], "texture": "#1"},
				"up": {"uv": [0, 2, 16, 3], "texture": "#1"},
				"down": {"uv": [0, 4, 16, 5], "texture": "#1"}
			}
		}
	],
	"groups": [
		{
			"name": "Back",
			"origin": [0, 0, 0],
			"color": 0,
			"children": [0, 1, 2, 3, 4, 5, 6, 7, 8, 9, 10]
		}
	]
}