{
	"credit": "Made with Blockbench",
	"textures": {
		"0": "models/medieval/chair/texture",
		"particle": "models/medieval/chair/texture"
	},
	"elements": [
		{
			"from": [4, -16, 16],
			"to": [28, 6, 16],
			"rotation": {"angle": -22.5, "axis": "y", "origin": [-8, 0, -8]},
			"faces": {
				"north": {"uv": [9.5, 0, 15.5, 5.5], "texture": "#0"},
				"east": {"uv": [0, 0, 0, 14], "texture": "#0"},
				"south": {"uv": [15.5, 0, 9.5, 7], "texture": "#0"},
				"west": {"uv": [0, 0, 0, 14], "texture": "#0"},
				"up": {"uv": [0, 0, 14, 0], "texture": "#missing"},
				"down": {"uv": [0, 0, 14, 0], "texture": "#missing"}
			}
		},
		{
			"from": [0, -16, 14],
			"to": [4, 4, 18],
			"rotation": {"angle": -22.5, "axis": "y", "origin": [-8, 0, -8]},
			"faces": {
				"north": {"uv": [1, 1, 2, 7], "texture": "#0"},
				"east": {"uv": [0, 1, 1, 7], "texture": "#0"},
				"south": {"uv": [3, 1, 4, 7], "texture": "#0"},
				"west": {"uv": [2, 1, 3, 7], "rotation": 180, "texture": "#0"},
				"up": {"uv": [4, 1, 5, 2], "texture": "#0"},
				"down": {"uv": [0, 0, 2, 2], "texture": "#0"}
			}
		},
		{
			"from": [28, -16, 14],
			"to": [32, 4, 18],
			"rotation": {"angle": -22.5, "axis": "y", "origin": [-8, 0, -8]},
			"faces": {
				"north": {"uv": [1, 1, 2, 7], "texture": "#0"},
				"east": {"uv": [0, 1, 1, 7], "texture": "#0"},
				"south": {"uv": [3, 1, 4, 7], "texture": "#0"},
				"west": {"uv": [2, 1, 3, 7], "rotation": 180, "texture": "#0"},
				"up": {"uv": [4, 1, 5, 2], "texture": "#0"},
				"down": {"uv": [0, 0, 2, 2], "texture": "#0"}
			}
		},
		{
			"from": [2, -16, -14],
			"to": [2, -11, 10],
			"rotation": {"angle": -22.5, "axis": "y", "origin": [-8, 0, -8]},
			"faces": {
				"north": {"uv": [0, 0, 0, 5], "texture": "#0"},
				"east": {"uv": [0, 8.5, 6, 9.5], "texture": "#0"},
				"south": {"uv": [0, 0, 0, 5], "texture": "#0"},
				"west": {"uv": [0, 8.5, 6, 9.5], "texture": "#0"},
				"up": {"uv": [0, 0, 0, 12], "texture": "#missing"},
				"down": {"uv": [0, 0, 0, 12], "texture": "#missing"}
			}
		},
		{
			"from": [28, -11, -16],
			"to": [32, -9, 14],
			"rotation": {"angle": -22.5, "axis": "y", "origin": [-8, 0, -8]},
			"faces": {
				"north": {"uv": [0, 0, 2, 1], "texture": "#0"},
				"east": {"uv": [0, 0, 8.5, 1], "texture": "#0"},
				"south": {"uv": [0, 0, 2, 1], "texture": "#0"},
				"west": {"uv": [0, 0, 8.5, 1], "texture": "#0"},
				"up": {"uv": [0, 1, 2, 8.5], "texture": "#0"},
				"down": {"uv": [6.5, 1, 8.5, 8], "texture": "#0"}
			}
		},
		{
			"from": [30, -16, -14],
			"to": [30, -11, 10],
			"rotation": {"angle": -22.5, "axis": "y", "origin": [-8, 0, -8]},
			"faces": {
				"north": {"uv": [0, 0, 0, 5], "texture": "#0"},
				"east": {"uv": [0, 8.5, 6, 9.5], "texture": "#0"},
				"south": {"uv": [0, 0, 0, 5], "texture": "#0"},
				"west": {"uv": [0, 8.5, 6, 9.5], "texture": "#0"},
				"up": {"uv": [0, 0, 0, 12], "texture": "#missing"},
				"down": {"uv": [0, 0, 0, 12], "texture": "#missing"}
			}
		},
		{
			"from": [0, -11, -16],
			"to": [4, -9, 14],
			"rotation": {"angle": -22.5, "axis": "y", "origin": [-8, 0, -8]},
			"faces": {
				"north": {"uv": [0, 0, 2, 1], "texture": "#0"},
				"east": {"uv": [0, 0, 6.5, 1], "texture": "#0"},
				"south": {"uv": [0, 0, 2, 1], "texture": "#0"},
				"west": {"uv": [0, 0, 6.5, 1], "texture": "#0"},
				"up": {"uv": [0, 1, 2, 7], "texture": "#0"},
				"down": {"uv": [6.5, 1, 8.5, 7], "texture": "#0"}
			}
		}
	]
}