{
	"credit": "Made with Blockbench",
	"textures": {
		"0": "models/bushes/oak_leaves",
		"particle": "models/bushes/oak_leaves"
	},
	"elements": [
		{
			"from": [-2, -10, -2],
			"to": [18, 10, 18],
			"rotation": {"angle": 0, "axis": "y", "origin": [-8, -10, -8]},
			"faces": {
				"north": {"uv": [0, 0, 8, 8], "texture": "#0"},
				"east": {"uv": [8, 0, 16, 8], "texture": "#0"},
				"south": {"uv": [0, 0, 8, 8], "texture": "#0"},
				"west": {"uv": [0, 0, 8, 8], "texture": "#0"},
				"up": {"uv": [8, 8, 16, 16], "texture": "#0"},
				"down": {"uv": [0, 8, 8, 16], "texture": "#0"}
			}
		},
		{
			"from": [18, -16, 0],
			"to": [30, -4, 12],
			"rotation": {"angle": -22.5, "axis": "y", "origin": [-8, -10, -8]},
			"faces": {
				"north": {"uv": [0, 0, 6, 6], "texture": "#0"},
				"east": {"uv": [6, 0, 12, 6], "texture": "#0"},
				"south": {"uv": [0, 0, 6, 6], "texture": "#0"},
				"west": {"uv": [0, 0, 6, 6], "texture": "#0"},
				"up": {"uv": [6, 6, 12, 12], "texture": "#0"},
				"down": {"uv": [0, 6, 6, 12], "texture": "#0"}
			}
		},
		{
			"from": [-8, -16, -10],
			"to": [4, -4, 2],
			"rotation": {"angle": -22.5, "axis": "x", "origin": [-8, -10, -8]},
			"faces": {
				"north": {"uv": [0, 0, 6, 6], "texture": "#0"},
				"east": {"uv": [6, 0, 12, 6], "texture": "#0"},
				"south": {"uv": [0, 0, 6, 6], "texture": "#0"},
				"west": {"uv": [0, 0, 6, 6], "texture": "#0"},
				"up": {"uv": [6, 6, 12, 12], "texture": "#0"},
				"down": {"uv": [0, 6, 6, 12], "texture": "#0"}
			}
		}
	]
}