{
	"credit": "Made with Blockbench",
	"textures": {
		"0": "models/blocks/stone",
		"particle": "models/blocks/stone"
	},
	"elements": [
		{
			"from": [-16, 0, -12],
			"to": [6, 22, 10],
			"rotation": {"angle": -45, "axis": "z", "origin": [-8, -8, -8]},
			"faces": {
				"north": {"uv": [0, 0, 16, 16], "texture": "#0"},
				"east": {"uv": [0, 0, 16, 16], "texture": "#0"},
				"south": {"uv": [0, 0, 16, 16], "texture": "#0"},
				"west": {"uv": [0, 0, 16, 16], "texture": "#0"},
				"up": {"uv": [0, 0, 16, 16], "texture": "#0"},
				"down": {"uv": [0, 0, 16, 16], "texture": "#0"}
			}
		}
	]
}