{
	"credit": "Made with Blockbench",
	"textures": {
		"0": "models/paper/paper_1",
		"particle": "models/paper/paper_1"
	},
	"elements": [
		{
			"from": [4, -7.5, -16],
			"to": [26, -7.5, 0],
			"rotation": {"angle": -45, "axis": "y", "origin": [-8, 0, -8]},
			"faces": {
				"north": {"uv": [0, 0, 11, 0], "texture": "#missing"},
				"east": {"uv": [0, 0, 8, 0], "texture": "#missing"},
				"south": {"uv": [0, 0, 11, 0], "texture": "#missing"},
				"west": {"uv": [0, 0, 8, 0], "texture": "#missing"},
				"up": {"uv": [0, 4, 5.5, 8], "texture": "#0"},
				"down": {"uv": [0, 4, 5.5, 8], "texture": "#0"}
			}
		}
	]
}