{
	"credit": "Made with Blockbench",
	"texture_size": [32, 32],
	"textures": {
		"0": "models/modern/globe",
		"particle": "models/modern/globe"
	},
	"elements": [
		{
			"from": [0, -8, 0],
			"to": [16, -6, 16],
			"rotation": {"angle": 0, "axis": "x", "origin": [-8, -8, -8]},
			"faces": {
				"north": {"uv": [4, 10.5, 8, 11], "texture": "#0"},
				"east": {"uv": [4, 10, 8, 10.5], "texture": "#0"},
				"south": {"uv": [4, 9.5, 8, 10], "texture": "#0"},
				"west": {"uv": [4, 9, 8, 9.5], "texture": "#0"},
				"up": {"uv": [0, 9, 4, 13], "texture": "#0"},
				"down": {"uv": [0, 9, 4, 13], "texture": "#0"}
			}
		},
		{
			"from": [2, -6, 2],
			"to": [14, -4, 14],
			"rotation": {"angle": 0, "axis": "x", "origin": [-8, -8, -8]},
			"faces": {
				"north": {"uv": [4, 10.5, 7, 11], "texture": "#0"},
				"east": {"uv": [4, 10, 7, 10.5], "texture": "#0"},
				"south": {"uv": [4, 9.5, 7, 10], "texture": "#0"},
				"west": {"uv": [4, 9, 7, 9.5], "texture": "#0"},
				"up": {"uv": [0, 12.5, 3, 15.5], "texture": "#0"},
				"down": {"uv": [0, 0, 3, 3], "texture": "#missing"}
			}
		},
		{
			"from": [6, -4, 6],
			"to": [10, 0, 10],
			"rotation": {"angle": 0, "axis": "x", "origin": [-8, -8, -8]},
			"faces": {
				"north": {"uv": [3.5, 10.5, 4.5, 11.5], "texture": "#0"},
				"east": {"uv": [5, 10.5, 6, 11.5], "texture": "#0"},
				"south": {"uv": [1.5, 10.5, 2.5, 11.5], "texture": "#0"},
				"west": {"uv": [0, 9.5, 1, 10.5], "texture": "#0"},
				"up": {"uv": [4.5, 10.5, 5.5, 11.5], "texture": "#0"},
				"down": {"uv": [2.5, 10.5, 3.5, 11.5], "texture": "#0"}
			}
		},
		{
			"from": [6, -8, 4],
			"to": [10, -6, 16],
			"rotation": {"angle": -22.5, "axis": "x", "origin": [-8, -8, -8]},
			"faces": {
				"north": {"uv": [3.5, 10.5, 4.5, 11], "texture": "#0"},
				"east": {"uv": [5, 10.5, 8, 11], "texture": "#0"},
				"south": {"uv": [1.5, 10.5, 2.5, 11], "texture": "#0"},
				"west": {"uv": [0, 10.5, 3, 11], "texture": "#0"},
				"up": {"uv": [4.5, 10.5, 5.5, 13.5], "texture": "#0"},
				"down": {"uv": [2.5, 10.5, 3.5, 13.5], "texture": "#0"}
			}
		},
		{
			"from": [6, 10, 6],
			"to": [10, 12, 14],
			"rotation": {"angle": -22.5, "axis": "x", "origin": [-8, -8, -8]},
			"faces": {
				"north": {"uv": [3.5, 10.5, 4.5, 11], "texture": "#0"},
				"east": {"uv": [5, 10.5, 7, 11], "texture": "#0"},
				"south": {"uv": [1.5, 10.5, 2.5, 11], "texture": "#0"},
				"west": {"uv": [0, 10.5, 2, 11], "texture": "#0"},
				"up": {"uv": [5.5, 11, 6.5, 13], "texture": "#0"},
				"down": {"uv": [2.5, 10.5, 3.5, 12.5], "texture": "#0"}
			}
		},
		{
			"from": [6, -6, 4],
			"to": [10, 12, 6],
			"rotation": {"angle": -22.5, "axis": "x", "origin": [-8, -8, -8]},
			"faces": {
				"north": {"uv": [3.5, 10.5, 4.5, 15], "texture": "#0"},
				"east": {"uv": [5, 10.5, 5.5, 15], "texture": "#0"},
				"south": {"uv": [1.5, 10.5, 2.5, 15], "texture": "#0"},
				"west": {"uv": [0, 10.5, 0.5, 15], "texture": "#0"},
				"up": {"uv": [4.5, 10.5, 5.5, 11], "texture": "#0"},
				"down": {"uv": [2.5, 10.5, 3.5, 11], "texture": "#0"}
			}
		},
		{
			"from": [0, -6, 6],
			"to": [16, 10, 22],
			"rotation": {"angle": -22.5, "axis": "x", "origin": [-8, -8, -8]},
			"faces": {
				"north": {"uv": [0, 0, 4.5, 4.5], "texture": "#0"},
				"east": {"uv": [4.5, 0, 9, 4.5], "texture": "#0"},
				"south": {"uv": [0, 4.5, 4.5, 9], "texture": "#0"},
				"west": {"uv": [4.5, 4.5, 9, 9], "texture": "#0"},
				"up": {"uv": [13.5, 4.5, 9, 0], "texture": "#0"},
				"down": {"uv": [13.5, 4.5, 9, 9], "texture": "#0"}
			}
		}
	]
}