{
	"credit": "Made with Blockbench",
	"textures": {
		"0": "models/modern/rooflamp_1",
		"particle": "models/modern/rooflamp_1"
	},
	"elements": [
		{
			"from": [2, 22, -14],
			"to": [14, 24, -2],
			"rotation": {"angle": 0, "axis": "y", "origin": [-8, 24, -24]},
			"faces": {
				"north": {"uv": [0, 1, 6, 0], "texture": "#0"},
				"east": {"uv": [0, 1, 6, 0], "texture": "#0"},
				"south": {"uv": [0, 1, 6, 0], "texture": "#0"},
				"west": {"uv": [0, 1, 6, 0], "texture": "#0"},
				"up": {"uv": [0, 6, 6, 0], "texture": "#0"},
				"down": {"uv": [0, 6, 6, 0], "texture": "#0"}
			}
		},
		{
			"from": [4, 20, -12],
			"to": [12, 22, -4],
			"rotation": {"angle": 0, "axis": "y", "origin": [-8, 24, -24]},
			"faces": {
				"north": {"uv": [0, 1, 4, 0], "texture": "#0"},
				"east": {"uv": [0, 1, 4, 0], "texture": "#0"},
				"south": {"uv": [0, 1, 4, 0], "texture": "#0"},
				"west": {"uv": [0, 1, 4, 0], "texture": "#0"},
				"up": {"uv": [0, 4, 4, 0], "texture": "#0"},
				"down": {"uv": [0, 4, 4, 0], "texture": "#0"}
			}
		},
		{
			"from": [7, -16, -9],
			"to": [9, 20, -7],
			"rotation": {"angle": 0, "axis": "y", "origin": [-8, 23, -24]},
			"faces": {
				"north": {"uv": [6, 16, 7, 0], "texture": "#0"},
				"east": {"uv": [6, 16, 7, 0], "texture": "#0"},
				"south": {"uv": [6, 16, 7, 0], "texture": "#0"},
				"west": {"uv": [6, 16, 7, 0], "texture": "#0"},
				"up": {"uv": [6, 1, 7, 0], "texture": "#0"},
				"down": {"uv": [6, 1, 7, 0], "texture": "#0"}
			}
		},
		{
			"from": [4, 19.6, -13],
			"to": [12, 22.4, -11],
			"rotation": {"angle": -45, "axis": "x", "origin": [8, 21, -13]},
			"faces": {
				"north": {"uv": [0, 1.4, 4, 0], "texture": "#0"},
				"east": {"uv": [0, 1.4, 1, 0], "texture": "#0"},
				"south": {"uv": [0, 1.4, 4, 0], "texture": "#0"},
				"west": {"uv": [0, 1.4, 1, 0], "texture": "#0"},
				"up": {"uv": [0, 1, 4, 0], "texture": "#0"},
				"down": {"uv": [0, 1, 4, 0], "texture": "#0"}
			}
		},
		{
			"from": [4, 26.8, -8],
			"to": [12, 29.6, -6],
			"rotation": {"angle": 45, "axis": "x", "origin": [8, 21, -13]},
			"faces": {
				"north": {"uv": [0, 1.4, 4, 0], "rotation": 180, "texture": "#0"},
				"east": {"uv": [0, 1.4, 1, 0], "rotation": 180, "texture": "#0"},
				"south": {"uv": [0, 1.4, 4, 0], "rotation": 180, "texture": "#0"},
				"west": {"uv": [1.4, 0, 0, 1], "rotation": 90, "texture": "#0"},
				"up": {"uv": [0, 1, 4, 0], "texture": "#0"},
				"down": {"uv": [0, 1, 4, 0], "texture": "#0"}
			}
		},
		{
			"from": [9.6, 23.2, -12],
			"to": [11.6, 26, -4],
			"rotation": {"angle": -45, "axis": "z", "origin": [8, 21, -13]},
			"faces": {
				"north": {"uv": [0, 1.4, 1, 0], "texture": "#0"},
				"east": {"uv": [0, 1.4, 4, 0], "texture": "#0"},
				"south": {"uv": [0, 1.4, 1, 0], "texture": "#0"},
				"west": {"uv": [6, 1.4, 10, 0], "texture": "#0"},
				"up": {"uv": [4, 0, 0, 1], "rotation": 90, "texture": "#0"},
				"down": {"uv": [4, 0, 0, 1], "rotation": 270, "texture": "#0"}
			}
		},
		{
			"from": [4.4, 23.2, -12],
			"to": [6.4, 26, -4],
			"rotation": {"angle": 45, "axis": "z", "origin": [8, 21, -13]},
			"faces": {
				"north": {"uv": [0, 1.4, 1, 0], "texture": "#0"},
				"east": {"uv": [0, 1.4, 4, 0], "texture": "#0"},
				"south": {"uv": [0, 1.4, 1, 0], "texture": "#0"},
				"west": {"uv": [0, 1.4, 4, 0], "texture": "#0"},
				"up": {"uv": [4, 0, 0, 1], "rotation": 90, "texture": "#0"},
				"down": {"uv": [4, 0, 0, 1], "rotation": 270, "texture": "#0"}
			}
		}
	]
}