{
	"credit": "Made with Blockbench",
	"textures": {
		"0": "models/modern/rooflamp_1",
		"particle": "models/modern/rooflamp_1"
	},
	"elements": [
		{
			"from": [7, -10, -9],
			"to": [9, 20, -7],
			"rotation": {"angle": 0, "axis": "y", "origin": [-8, 23, -24]},
			"faces": {
				"north": {"uv": [6, 16, 7, 0], "texture": "#0"},
				"east": {"uv": [6, 16, 7, 0], "texture": "#0"},
				"south": {"uv": [6, 16, 7, 0], "texture": "#0"},
				"west": {"uv": [6, 16, 7, 0], "texture": "#0"},
				"up": {"uv": [6, 1, 7, 0], "texture": "#0"},
				"down": {"uv": [6, 1, 7, 0], "texture": "#0"}
			}
		},
		{
			"from": [7, -16, -7],
			"to": [9, -12, -7],
			"rotation": {"angle": 0, "axis": "y", "origin": [-8, 23, -24]},
			"faces": {
				"north": {"uv": [9, 4, 10, 0], "texture": "#0"},
				"east": {"uv": [8, 4, 9, 0], "texture": "#0"},
				"south": {"uv": [2, 11, 3, 7], "texture": "#0"},
				"west": {"uv": [7, 4, 8, 0], "texture": "#0"},
				"up": {"uv": [6, 1, 7, 0], "texture": "#0"},
				"down": {"uv": [6, 1, 7, 0], "texture": "#0"}
			}
		},
		{
			"from": [7, -16, -9],
			"to": [9, -16, -7],
			"rotation": {"angle": 0, "axis": "y", "origin": [-8, 23, -24]},
			"faces": {
				"north": {"uv": [0, 11, 1, 7], "texture": "#0"},
				"east": {"uv": [6, 16, 7, 0], "texture": "#0"},
				"south": {"uv": [6, 16, 7, 0], "texture": "#0"},
				"west": {"uv": [0, 16, 1, 6], "texture": "#0"},
				"up": {"uv": [6, 1, 7, 0], "texture": "#0"},
				"down": {"uv": [3, 9, 4, 8], "texture": "#0"}
			}
		},
		{
			"from": [7, -16, -9],
			"to": [9, -12, -9],
			"rotation": {"angle": 0, "axis": "y", "origin": [-8, 23, -24]},
			"faces": {
				"north": {"uv": [3, 11, 4, 7], "texture": "#0"},
				"east": {"uv": [6, 16, 7, 0], "texture": "#0"},
				"south": {"uv": [7, 4, 8, 0], "texture": "#0"},
				"west": {"uv": [3, 16, 4, 0], "texture": "#0"},
				"up": {"uv": [6, 1, 7, 0], "texture": "#0"},
				"down": {"uv": [6, 1, 7, 0], "texture": "#0"}
			}
		},
		{
			"from": [7, -16, -9],
			"to": [7, -12, -7],
			"rotation": {"angle": 0, "axis": "y", "origin": [-8, 23, -24]},
			"faces": {
				"north": {"uv": [6, 16, 7, 0], "texture": "#0"},
				"east": {"uv": [7, 4, 8, 0], "texture": "#0"},
				"south": {"uv": [9, 4, 10, 0], "texture": "#0"},
				"west": {"uv": [3, 10, 4, 8], "texture": "#0"},
				"up": {"uv": [6, 1, 7, 0], "texture": "#0"},
				"down": {"uv": [6, 1, 7, 0], "texture": "#0"}
			}
		},
		{
			"from": [9, -16, -9],
			"to": [9, -12, -7],
			"rotation": {"angle": 0, "axis": "y", "origin": [-8, 23, -24]},
			"faces": {
				"north": {"uv": [6, 16, 7, 0], "texture": "#0"},
				"east": {"uv": [2, 9, 3, 7], "texture": "#0"},
				"south": {"uv": [6, 16, 7, 0], "texture": "#0"},
				"west": {"uv": [7, 4, 8, 0], "texture": "#0"},
				"up": {"uv": [6, 1, 7, 0], "texture": "#0"},
				"down": {"uv": [6, 1, 7, 0], "texture": "#0"}
			}
		},
		{
			"from": [7.5, -15, -8.5],
			"to": [8.5, -12, -7.5],
			"rotation": {"angle": 0, "axis": "y", "origin": [-8, 23, -24]},
			"faces": {
				"north": {"uv": [6, 5, 7, 0], "texture": "#0"},
				"east": {"uv": [6, 5, 7, 0], "texture": "#0"},
				"south": {"uv": [6, 5, 7, 0], "texture": "#0"},
				"west": {"uv": [6, 5, 7, 0], "texture": "#0"},
				"up": {"uv": [6, 1, 7, 0], "texture": "#0"},
				"down": {"uv": [6, 1, 7, 0], "texture": "#0"}
			}
		},
		{
			"from": [2, -14, -16],
			"to": [14, -12, -14],
			"faces": {
				"north": {"uv": [0, 0, 6, 2], "texture": "#0"},
				"east": {"uv": [0, 0, 2, 2], "texture": "#0"},
				"south": {"uv": [0, 0, 6, 2], "texture": "#0"},
				"west": {"uv": [0, 0, 2, 2], "texture": "#0"},
				"up": {"uv": [0, 0, 5, 2], "texture": "#0"},
				"down": {"uv": [0, 0, 5.75, 2], "texture": "#0"}
			}
		},
		{
			"from": [2, -14, -2],
			"to": [14, -12, 0],
			"faces": {
				"north": {"uv": [0, 0, 6, 2], "texture": "#0"},
				"east": {"uv": [0, 0, 2, 2], "texture": "#0"},
				"south": {"uv": [0, 0, 6, 2], "texture": "#0"},
				"west": {"uv": [0, 0, 2, 2], "texture": "#0"},
				"up": {"uv": [0, 0, 6, 2], "texture": "#0"},
				"down": {"uv": [0, 0, 6, 2], "texture": "#0"}
			}
		},
		{
			"from": [14, -14, -16],
			"to": [16, -12, 0],
			"faces": {
				"north": {"uv": [0, 0, 2, 2], "texture": "#0"},
				"east": {"uv": [0, 0, 6, 2], "texture": "#0"},
				"south": {"uv": [0, 0, 2, 2], "texture": "#0"},
				"west": {"uv": [0, 0, 6, 2], "texture": "#0"},
				"up": {"uv": [0, 0, 2, 6], "texture": "#0"},
				"down": {"uv": [0, 0, 2, 6], "texture": "#0"}
			}
		},
		{
			"from": [0, -14, -16],
			"to": [2, -12, 0],
			"faces": {
				"north": {"uv": [0, 0, 2, 2], "texture": "#0"},
				"east": {"uv": [0, 0, 6, 2], "texture": "#0"},
				"south": {"uv": [0, 0, 2, 2], "texture": "#0"},
				"west": {"uv": [0, 0, 6, 2], "texture": "#0"},
				"up": {"uv": [0, 0, 2, 6], "texture": "#0"},
				"down": {"uv": [0, 0, 2, 6], "texture": "#0"}
			}
		},
		{
			"from": [2, -12, -14],
			"to": [14, -10, -2],
			"faces": {
				"north": {"uv": [0, 0, 6, 2], "texture": "#0"},
				"east": {"uv": [0, 0, 6, 2], "texture": "#0"},
				"south": {"uv": [0, 0, 6, 2], "texture": "#0"},
				"west": {"uv": [0, 0, 6, 2], "texture": "#0"},
				"up": {"uv": [0, 0, 6, 6], "texture": "#0"},
				"down": {"uv": [0, 0, 6, 6], "texture": "#0"}
			}
		}
	]
}