{
	"credit": "Made with Blockbench",
	"textures": {
		"0": "models/tools/viking/mjolnir",
		"particle": "models/tools/viking/mjolnir"
	},
	"elements": [
		{
			"from": [7, 0, 7],
			"to": [9, 14, 9],
			"faces": {
				"north": {"uv": [0, 0, 1, 7], "texture": "#0"},
				"east": {"uv": [0, 0, 1, 7], "texture": "#0"},
				"south": {"uv": [0, 0, 1, 7], "texture": "#0"},
				"west": {"uv": [0, 0, 1, 7], "texture": "#0"},
				"up": {"uv": [0, 0, 2, 2], "texture": "#missing"},
				"down": {"uv": [1, 0, 2, 1], "texture": "#0"}
			}
		},
		{
			"from": [1, 15, 4],
			"to": [15, 23, 12],
			"faces": {
				"north": {"uv": [0, 7, 7, 11], "texture": "#0"},
				"east": {"uv": [0, 0, 8, 8], "texture": "#missing"},
				"south": {"uv": [0, 7, 7, 11], "texture": "#0"},
				"west": {"uv": [0, 0, 8, 8], "texture": "#missing"},
				"up": {"uv": [0, 7, 7, 11], "texture": "#0"},
				"down": {"uv": [0, 13, 7, 16], "texture": "#0"}
			}
		},
		{
			"from": [1, 14, 5],
			"to": [15, 24, 11],
			"faces": {
				"north": {"uv": [0, 13, 6.5, 16], "texture": "#0"},
				"east": {"uv": [0, 13, 2, 16], "texture": "#0"},
				"south": {"uv": [0, 7, 7, 11], "texture": "#0"},
				"west": {"uv": [0, 0, 6, 10], "texture": "#missing"},
				"up": {"uv": [0, 13, 7, 16], "texture": "#0"},
				"down": {"uv": [0, 13, 7, 16], "texture": "#0"}
			}
		},
		{
			"from": [0, 15, 5],
			"to": [16, 23, 11],
			"faces": {
				"north": {"uv": [0, 0, 16, 8], "texture": "#missing"},
				"east": {"uv": [7.5, 12, 10.5, 16], "texture": "#0"},
				"south": {"uv": [0, 0, 16, 8], "texture": "#missing"},
				"west": {"uv": [7.5, 12, 10.5, 16], "texture": "#0"},
				"up": {"uv": [0, 0, 16, 6], "texture": "#missing"},
				"down": {"uv": [0, 13, 7, 16], "texture": "#0"}
			}
		},
		{
			"from": [1, 14.5, 3.75],
			"to": [15, 15.5, 5.25],
			"rotation": {"angle": 45, "axis": "x", "origin": [8, 14.5, 4.5]},
			"faces": {
				"north": {"uv": [0, 0, 14, 1], "texture": "#missing"},
				"east": {"uv": [1.5, 14, 3, 15], "texture": "#0"},
				"south": {"uv": [0, 0, 14, 1], "texture": "#missing"},
				"west": {"uv": [0, 14, 1.5, 15], "texture": "#0"},
				"up": {"uv": [0, 0, 14, 1.5], "texture": "#missing"},
				"down": {"uv": [0, 13, 7, 14], "texture": "#0"}
			}
		},
		{
			"from": [1, 22.60355, 4.10355],
			"to": [15, 23.60355, 5.60355],
			"rotation": {"angle": -45, "axis": "x", "origin": [8, 23.10355, 4.85355]},
			"faces": {
				"north": {"uv": [0, 0, 14, 1], "texture": "#missing"},
				"east": {"uv": [0, 14, 1.5, 15], "texture": "#0"},
				"south": {"uv": [0, 0, 14, 1], "texture": "#missing"},
				"west": {"uv": [0, 13, 1.5, 14], "texture": "#0"},
				"up": {"uv": [0, 13, 7, 14], "texture": "#0"},
				"down": {"uv": [0, 0, 14, 1.5], "texture": "#missing"}
			}
		},
		{
			"from": [1, 24.8, 2.4],
			"to": [15, 25.8, 3.9],
			"rotation": {"angle": 45, "axis": "x", "origin": [8, 14.5, 4.5]},
			"faces": {
				"north": {"uv": [0, 0, 14, 1], "texture": "#missing"},
				"east": {"uv": [0, 13, 1.5, 14], "texture": "#0"},
				"south": {"uv": [0, 0, 14, 1], "texture": "#missing"},
				"west": {"uv": [0, 13, 1.5, 14], "texture": "#0"},
				"up": {"uv": [0, 15, 7, 16], "texture": "#0"},
				"down": {"uv": [0, 0, 14, 1.5], "texture": "#missing"}
			}
		},
		{
			"from": [1, 14.2, 10.8],
			"to": [15, 15.7, 11.8],
			"rotation": {"angle": 45, "axis": "x", "origin": [8, 15.09135, 11.18216]},
			"faces": {
				"north": {"uv": [0, 0, 14, 1.5], "rotation": 180, "texture": "#missing"},
				"east": {"uv": [0, 14, 1.5, 15], "rotation": 270, "texture": "#0"},
				"south": {"uv": [0, 13, 7, 14], "texture": "#0"},
				"west": {"uv": [7.5, 12, 9, 13], "rotation": 90, "texture": "#0"},
				"up": {"uv": [0, 13, 7, 14], "rotation": 180, "texture": "#0"},
				"down": {"uv": [0, 0, 14, 1], "texture": "#missing"}
			}
		},
		{
			"from": [-0.25, 22.5, 5],
			"to": [1.25, 23.5, 11],
			"rotation": {"angle": 45, "axis": "z", "origin": [0.5, 23.5, 8]},
			"faces": {
				"north": {"uv": [0, 13, 1.5, 14], "texture": "#0"},
				"east": {"uv": [0, 0, 6, 1], "texture": "#missing"},
				"south": {"uv": [0, 13, 1.5, 14], "texture": "#0"},
				"west": {"uv": [0, 0, 6, 1], "texture": "#missing"},
				"up": {"uv": [7.5, 12.5, 8.5, 16], "texture": "#0"},
				"down": {"uv": [0, 0, 1.5, 6], "texture": "#missing"}
			}
		},
		{
			"from": [14.75, 14.5, 5],
			"to": [16.25, 15.5, 11],
			"rotation": {"angle": 45, "axis": "z", "origin": [15.5, 14.5, 8]},
			"faces": {
				"north": {"uv": [0, 13, 1.5, 14], "texture": "#0"},
				"east": {"uv": [0, 0, 6, 1], "texture": "#missing"},
				"south": {"uv": [1.5, 13, 3, 14], "texture": "#0"},
				"west": {"uv": [0, 0, 6, 1], "texture": "#missing"},
				"up": {"uv": [0, 0, 1.5, 6], "texture": "#missing"},
				"down": {"uv": [7.5, 12, 8.5, 16], "texture": "#0"}
			}
		},
		{
			"from": [0.5, 13.75, 5],
			"to": [1.5, 15.25, 11],
			"rotation": {"angle": 45, "axis": "z", "origin": [0.5, 14.5, 8]},
			"faces": {
				"north": {"uv": [2, 13, 3, 14.5], "texture": "#0"},
				"east": {"uv": [0, 0, 6, 1.5], "texture": "#missing"},
				"south": {"uv": [1, 13, 2, 14.5], "texture": "#0"},
				"west": {"uv": [7.5, 12, 10.5, 13], "texture": "#0"},
				"up": {"uv": [7.5, 12, 8.5, 16], "texture": "#0"},
				"down": {"uv": [0, 0, 1, 6], "texture": "#missing"}
			}
		},
		{
			"from": [14.5, 22.75, 5],
			"to": [15.5, 24.25, 11],
			"rotation": {"angle": 45, "axis": "z", "origin": [15.5, 23.5, 8]},
			"faces": {
				"north": {"uv": [1, 13, 2, 14.5], "texture": "#0"},
				"east": {"uv": [7.5, 12, 10.5, 13], "texture": "#0"},
				"south": {"uv": [0, 13, 1, 14.5], "texture": "#0"},
				"west": {"uv": [0, 0, 6, 1.5], "texture": "#missing"},
				"up": {"uv": [0, 0, 1, 6], "texture": "#missing"},
				"down": {"uv": [0, 0, 1, 6], "texture": "#missing"}
			}
		},
		{
			"from": [-0.25, 15, 4.5],
			"to": [1.25, 23, 5.5],
			"rotation": {"angle": 45, "axis": "y", "origin": [0.5, 19, 4.5]},
			"faces": {
				"north": {"uv": [7.5, 12, 8.5, 16], "texture": "#0"},
				"east": {"uv": [0, 0, 1, 8], "texture": "#missing"},
				"south": {"uv": [0, 0, 1.5, 8], "texture": "#missing"},
				"west": {"uv": [7.5, 12, 8.5, 16], "texture": "#0"},
				"up": {"uv": [0, 13, 1.5, 14], "texture": "#0"},
				"down": {"uv": [1.5, 13, 3, 14], "texture": "#0"}
			}
		},
		{
			"from": [0.5, 15, 10.75],
			"to": [1.5, 23, 12.25],
			"rotation": {"angle": 45, "axis": "y", "origin": [0.5, 19, 11.5]},
			"faces": {
				"north": {"uv": [0, 0, 1, 8], "texture": "#missing"},
				"east": {"uv": [0, 0, 1.5, 8], "texture": "#missing"},
				"south": {"uv": [0, 0, 1, 8], "texture": "#missing"},
				"west": {"uv": [7.5, 12, 8.5, 16], "texture": "#0"},
				"up": {"uv": [0, 13.5, 1, 15], "texture": "#0"},
				"down": {"uv": [1, 13.5, 2, 15], "texture": "#0"}
			}
		},
		{
			"from": [14.5, 15, 3.75],
			"to": [15.5, 23, 5.25],
			"rotation": {"angle": 45, "axis": "y", "origin": [15.5, 19.5, 4.5]},
			"faces": {
				"north": {"uv": [0, 0, 1, 8], "texture": "#missing"},
				"east": {"uv": [7.5, 12, 8.5, 16], "texture": "#0"},
				"south": {"uv": [0, 0, 1, 8], "texture": "#missing"},
				"west": {"uv": [0, 0, 1.5, 8], "texture": "#missing"},
				"up": {"uv": [1, 13, 2, 14.5], "texture": "#0"},
				"down": {"uv": [0, 13, 1, 14.5], "texture": "#0"}
			}
		},
		{
			"from": [14.75, 15, 10.5],
			"to": [16.25, 23, 11.5],
			"rotation": {"angle": 45, "axis": "y", "origin": [15.5, 19, 11.5]},
			"faces": {
				"north": {"uv": [0, 0, 1.5, 8], "texture": "#missing"},
				"east": {"uv": [0, 0, 1, 8], "texture": "#missing"},
				"south": {"uv": [7.5, 12, 8.5, 16], "texture": "#0"},
				"west": {"uv": [0, 0, 1, 8], "texture": "#missing"},
				"up": {"uv": [1.5, 13, 3, 14], "texture": "#0"},
				"down": {"uv": [0, 13, 1.5, 14], "texture": "#0"}
			}
		},
		{
			"from": [6.5, 24, 6.5],
			"to": [9.5, 24.5, 9.5],
			"rotation": {"angle": 45, "axis": "y", "origin": [8, 24.5, 8]},
			"faces": {
				"north": {"uv": [7.5, 13, 10.5, 13.5], "texture": "#0"},
				"east": {"uv": [7.5, 12.5, 10.5, 13], "texture": "#0"},
				"south": {"uv": [7.5, 14, 10.5, 14.5], "texture": "#0"},
				"west": {"uv": [7.5, 13.5, 10.5, 14], "texture": "#0"},
				"up": {"uv": [7.5, 13, 10.5, 16], "texture": "#0"},
				"down": {"uv": [0, 13, 3, 16], "texture": "#missing"}
			}
		}
	],
	"gui_light": "front",
	"display": {
		"thirdperson_righthand": {
			"rotation": [0, -76, 0],
			"translation": [0, 0, 1.5]
		},
		"thirdperson_lefthand": {
			"rotation": [0, -74, 0],
			"translation": [0, 0, 2]
		},
		"firstperson_righthand": {
			"rotation": [0, 107, 0],
			"translation": [0, 0.5, 0],
			"scale": [0.7, 0.7, 0.7]
		},
		"gui": {
			"translation": [0, -2.5, 0],
			"scale": [0.6, 0.6, 0.6]
		},
		"head": {
			"rotation": [-22, 27, -7],
			"translation": [4.25, 6.75, -4]
		}
	}
}