{
    "parent": "item/generated",
    "textures": {
        "layer0": "item/firework_star",
        "layer1": "item/firework_star_overlay"
    },
    "overrides": [
        {
            "predicate": {
                "custom_model_data": 1003
            },
            "model": "custom/rocks/rock_1"
        },
        {
            "predicate": {
                "custom_model_data": 1004
            },
            "model": "custom/rocks/rock_2"
        },
        {
            "predicate": {
                "custom_model_data": 1005
            },
            "model": "custom/rocks/rock_3"
        },
        {
            "predicate": {
                "custom_model_data": 1010
            },
            "model": "custom/paper/paper_1"
        },
        {
            "predicate": {
                "custom_model_data": 1011
            },
            "model": "custom/paper/paper_2"
        },
        {
            "predicate": {
                "custom_model_data": 1015
            },
            "model": "custom/planks/planks_1"
        },
        {
            "predicate": {
                "custom_model_data": 1016
            },
            "model": "custom/planks/planks_2"
        },
        {
            "predicate": {
                "custom_model_data": 1017
            },
            "model": "custom/modern/globe"
        },
        {
            "predicate": {
                "custom_model_data": 1030
            },
            "model": "custom/medieval/chairbottom"
        },
        {
            "predicate": {
                "custom_model_data": 1031
            },
            "model": "custom/medieval/chairback"
        },
        {
            "predicate": {
                "custom_model_data": 1032
            },
            "model": "custom/medieval/benchrightbottom"
        },
        {
            "predicate": {
                "custom_model_data": 1033
            },
            "model": "custom/medieval/benchrightback"
        },
        {
            "predicate": {
                "custom_model_data": 1034
            },
            "model": "custom/medieval/benchleftbottom"
        },
        {
            "predicate": {
                "custom_model_data": 1035
            },
            "model": "custom/medieval/benchleftback"
        },
        {
            "predicate": {
                "custom_model_data": 1036
            },
            "model": "custom/pride/prideflag"
        },
        {
            "predicate": {
                "custom_model_data": 1037
            },
            "model": "custom/pride/transflag"
        },
        {
            "predicate": {
                "custom_model_data": 1038
            },
            "model": "custom/pride/nonbinaryflag"
        },
        {
            "predicate": {
                "custom_model_data": 1039
            },
            "model": "custom/pride/lesbianflag"
        },
        {
            "predicate": {
                "custom_model_data": 1040
            },
            "model": "custom/pride/gayflag"
        },
        {
            "predicate": {
                "custom_model_data": 1041
            },
            "model": "custom/pride/panflag"
        },
        {
            "predicate": {
                "custom_model_data": 1042
            },
            "model": "custom/pride/biflag"
        },
        {
            "predicate": {
                "custom_model_data": 1043
            },
            "model": "custom/pride/aceflag"
        },
        {
            "predicate": {
                "custom_model_data": 1044
            },
            "model": "custom/blocks/stone"
        },
        {
            "predicate": {
                "custom_model_data": 1050
            },
            "model": "custom/bushes/oakbush_1"
        }
    ]
}