{
    "parent": "item/generated",
    "textures": {
        "layer0": "item/firework_star",
        "layer1": "item/firework_star_overlay"
    },
    "overrides": [
        {
            "predicate": {
                "custom_model_data": 1002
            },
            "model": "custom/medieval/chair"
        },
        {
            "predicate": {
                "custom_model_data": 1003
            },
            "model": "custom/rocks/rock_1"
        },
        {
            "predicate": {
                "custom_model_data": 1010
            },
            "model": "custom/paper/paper_1"
        },
        {
            "predicate": {
                "custom_model_data": 1011
            },
            "model": "custom/paper/paper_2"
        },
        {
            "predicate": {
                "custom_model_data": 1015
            },
            "model": "custom/planks/planks_1"
        },
        {
            "predicate": {
                "custom_model_data": 1016
            },
            "model": "custom/planks/planks_2"
        }
    ]
}