{
    "parent": "minecraft:item/generated",
    "textures": {
      "layer0": "minecraft:item/map"
    },
    "overrides": [
        {
            "predicate": {
                "custom_model_data": 1000
            },
            "model": "custom/map/wgswo"
        },
        {
            "predicate": {
                "custom_model_data": 1001
            },
            "model": "custom/map/wggge"
        },
        {
            "predicate": {
                "custom_model_data": 1002
            },
            "model": "custom/map/gssgo"
        },
        {
            "predicate": {
                "custom_model_data": 1003
            },
            "model": "custom/map/sgswn"
        },
        {
            "predicate": {
                "custom_model_data": 1004
            },
            "model": "custom/map/swgso"
        },
        {
            "predicate": {
                "custom_model_data": 1005
            },
            "model": "custom/map/gwggo"
        },
        {
            "predicate": {
                "custom_model_data": 1006
            },
            "model": "custom/map/wgsge"
        },
        {
            "predicate": {
                "custom_model_data": 1007
            },
            "model": "custom/map/gwsge"
        },
        {
            "predicate": {
                "custom_model_data": 1008
            },
            "model": "custom/map/wswge"
        },
        {
            "predicate": {
                "custom_model_data": 1009
            },
            "model": "custom/map/gssse"
        },
        {
            "predicate": {
                "custom_model_data": 1010
            },
            "model": "custom/map/sswsn"
        },
        {
            "predicate": {
                "custom_model_data": 1011
            },
            "model": "custom/map/ggswo"
        },
        {
            "predicate": {
                "custom_model_data": 1012
            },
            "model": "custom/map/sssge"
        },
        {
            "predicate": {
                "custom_model_data": 1013
            },
            "model": "custom/map/gggwe"
        },
        {
            "predicate": {
                "custom_model_data": 1014
            },
            "model": "custom/map/wwgwn"
        },
        {
            "predicate": {
                "custom_model_data": 1015
            },
            "model": "custom/map/wwsgo"
        },
        {
            "predicate": {
                "custom_model_data": 1016
            },
            "model": "custom/map/wwgso"
        },
        {
            "predicate": {
                "custom_model_data": 1017
            },
            "model": "custom/map/swsgo"
        },
        {
            "predicate": {
                "custom_model_data": 1018
            },
            "model": "custom/map/sggwn"
        },
        {
            "predicate": {
                "custom_model_data": 1019
            },
            "model": "custom/map/wgwso"
        },
        {
            "predicate": {
                "custom_model_data": 1020
            },
            "model": "custom/map/swswe"
        },
        {
            "predicate": {
                "custom_model_data": 1021
            },
            "model": "custom/map/gsgwn"
        },
        {
            "predicate": {
                "custom_model_data": 1022
            },
            "model": "custom/map/wggwn"
        },
        {
            "predicate": {
                "custom_model_data": 1023
            },
            "model": "custom/map/sgwwo"
        },
        {
            "predicate": {
                "custom_model_data": 1024
            },
            "model": "custom/map/sgwso"
        },
        {
            "predicate": {
                "custom_model_data": 1025
            },
            "model": "custom/map/sgssn"
        },
        {
            "predicate": {
                "custom_model_data": 1026
            },
            "model": "custom/map/gwwwe"
        },
        {
            "predicate": {
                "custom_model_data": 1027
            },
            "model": "custom/map/gsgsn"
        },
        {
            "predicate": {
                "custom_model_data": 1028
            },
            "model": "custom/map/wgwwn"
        },
        {
            "predicate": {
                "custom_model_data": 1029
            },
            "model": "custom/map/wwssn"
        },
        {
            "predicate": {
                "custom_model_data": 1030
            },
            "model": "custom/map/swgwo"
        },
        {
            "predicate": {
                "custom_model_data": 1031
            },
            "model": "custom/map/sgsge"
        },
        {
            "predicate": {
                "custom_model_data": 1032
            },
            "model": "custom/map/swswn"
        },
        {
            "predicate": {
                "custom_model_data": 1033
            },
            "model": "custom/map/wssge"
        },
        {
            "predicate": {
                "custom_model_data": 1034
            },
            "model": "custom/map/gwwge"
        },
        {
            "predicate": {
                "custom_model_data": 1035
            },
            "model": "custom/map/gwssn"
        },
        {
            "predicate": {
                "custom_model_data": 1036
            },
            "model": "custom/map/wggse"
        },
        {
            "predicate": {
                "custom_model_data": 1037
            },
            "model": "custom/map/sssse"
        },
        {
            "predicate": {
                "custom_model_data": 1038
            },
            "model": "custom/map/ssgge"
        },
        {
            "predicate": {
                "custom_model_data": 1039
            },
            "model": "custom/map/sgsgn"
        },
        {
            "predicate": {
                "custom_model_data": 1040
            },
            "model": "custom/map/ggwge"
        },
        {
            "predicate": {
                "custom_model_data": 1041
            },
            "model": "custom/map/wwswn"
        },
        {
            "predicate": {
                "custom_model_data": 1042
            },
            "model": "custom/map/wgwsn"
        },
        {
            "predicate": {
                "custom_model_data": 1043
            },
            "model": "custom/map/wwsse"
        },
        {
            "predicate": {
                "custom_model_data": 1044
            },
            "model": "custom/map/sgwgo"
        },
        {
            "predicate": {
                "custom_model_data": 1045
            },
            "model": "custom/map/gwsgo"
        },
        {
            "predicate": {
                "custom_model_data": 1046
            },
            "model": "custom/map/ggggo"
        },
        {
            "predicate": {
                "custom_model_data": 1047
            },
            "model": "custom/map/ggswn"
        },
        {
            "predicate": {
                "custom_model_data": 1048
            },
            "model": "custom/map/wwsgn"
        },
        {
            "predicate": {
                "custom_model_data": 1049
            },
            "model": "custom/map/gggse"
        },
        {
            "predicate": {
                "custom_model_data": 1050
            },
            "model": "custom/map/sswwn"
        },
        {
            "predicate": {
                "custom_model_data": 1051
            },
            "model": "custom/map/wssso"
        },
        {
            "predicate": {
                "custom_model_data": 1052
            },
            "model": "custom/map/swsge"
        },
        {
            "predicate": {
                "custom_model_data": 1053
            },
            "model": "custom/map/gwsso"
        },
        {
            "predicate": {
                "custom_model_data": 1054
            },
            "model": "custom/map/swwse"
        },
        {
            "predicate": {
                "custom_model_data": 1055
            },
            "model": "custom/map/gwswe"
        },
        {
            "predicate": {
                "custom_model_data": 1056
            },
            "model": "custom/map/gsggn"
        },
        {
            "predicate": {
                "custom_model_data": 1057
            },
            "model": "custom/map/gsgse"
        },
        {
            "predicate": {
                "custom_model_data": 1058
            },
            "model": "custom/map/gwsgn"
        },
        {
            "predicate": {
                "custom_model_data": 1059
            },
            "model": "custom/map/wswso"
        },
        {
            "predicate": {
                "custom_model_data": 1060
            },
            "model": "custom/map/ggsgn"
        },
        {
            "predicate": {
                "custom_model_data": 1061
            },
            "model": "custom/map/sswgo"
        },
        {
            "predicate": {
                "custom_model_data": 1062
            },
            "model": "custom/map/wsgwo"
        },
        {
            "predicate": {
                "custom_model_data": 1063
            },
            "model": "custom/map/wwwgn"
        },
        {
            "predicate": {
                "custom_model_data": 1064
            },
            "model": "custom/map/sgsgo"
        },
        {
            "predicate": {
                "custom_model_data": 1065
            },
            "model": "custom/map/wssgn"
        },
        {
            "predicate": {
                "custom_model_data": 1066
            },
            "model": "custom/map/wsgsn"
        },
        {
            "predicate": {
                "custom_model_data": 1067
            },
            "model": "custom/map/swwge"
        },
        {
            "predicate": {
                "custom_model_data": 1068
            },
            "model": "custom/map/swsse"
        },
        {
            "predicate": {
                "custom_model_data": 1069
            },
            "model": "custom/map/wgsse"
        },
        {
            "predicate": {
                "custom_model_data": 1070
            },
            "model": "custom/map/wggso"
        },
        {
            "predicate": {
                "custom_model_data": 1071
            },
            "model": "custom/map/gssgn"
        },
        {
            "predicate": {
                "custom_model_data": 1072
            },
            "model": "custom/map/ssggo"
        },
        {
            "predicate": {
                "custom_model_data": 1073
            },
            "model": "custom/map/wwgwo"
        },
        {
            "predicate": {
                "custom_model_data": 1074
            },
            "model": "custom/map/gwgsn"
        },
        {
            "predicate": {
                "custom_model_data": 1075
            },
            "model": "custom/map/ggwso"
        },
        {
            "predicate": {
                "custom_model_data": 1076
            },
            "model": "custom/map/ssgwe"
        },
        {
            "predicate": {
                "custom_model_data": 1077
            },
            "model": "custom/map/swsgn"
        },
        {
            "predicate": {
                "custom_model_data": 1078
            },
            "model": "custom/map/wgswe"
        },
        {
            "predicate": {
                "custom_model_data": 1079
            },
            "model": "custom/map/swwwe"
        },
        {
            "predicate": {
                "custom_model_data": 1080
            },
            "model": "custom/map/wwswo"
        },
        {
            "predicate": {
                "custom_model_data": 1081
            },
            "model": "custom/map/sswwe"
        },
        {
            "predicate": {
                "custom_model_data": 1082
            },
            "model": "custom/map/ssggn"
        },
        {
            "predicate": {
                "custom_model_data": 1083
            },
            "model": "custom/map/ggwsn"
        },
        {
            "predicate": {
                "custom_model_data": 1084
            },
            "model": "custom/map/wwwwn"
        },
        {
            "predicate": {
                "custom_model_data": 1085
            },
            "model": "custom/map/wgwwo"
        },
        {
            "predicate": {
                "custom_model_data": 1086
            },
            "model": "custom/map/sswge"
        },
        {
            "predicate": {
                "custom_model_data": 1087
            },
            "model": "custom/map/ggwwe"
        },
        {
            "predicate": {
                "custom_model_data": 1088
            },
            "model": "custom/map/ssswe"
        },
        {
            "predicate": {
                "custom_model_data": 1089
            },
            "model": "custom/map/wsggn"
        },
        {
            "predicate": {
                "custom_model_data": 1090
            },
            "model": "custom/map/gswwn"
        },
        {
            "predicate": {
                "custom_model_data": 1091
            },
            "model": "custom/map/gsgge"
        },
        {
            "predicate": {
                "custom_model_data": 1092
            },
            "model": "custom/map/wwwse"
        },
        {
            "predicate": {
                "custom_model_data": 1093
            },
            "model": "custom/map/gwwsn"
        },
        {
            "predicate": {
                "custom_model_data": 1094
            },
            "model": "custom/map/ggssn"
        },
        {
            "predicate": {
                "custom_model_data": 1095
            },
            "model": "custom/map/wswwo"
        },
        {
            "predicate": {
                "custom_model_data": 1096
            },
            "model": "custom/map/wgwgn"
        },
        {
            "predicate": {
                "custom_model_data": 1097
            },
            "model": "custom/map/gwwse"
        },
        {
            "predicate": {
                "custom_model_data": 1098
            },
            "model": "custom/map/wssgo"
        },
        {
            "predicate": {
                "custom_model_data": 1099
            },
            "model": "custom/map/sggse"
        },
        {
            "predicate": {
                "custom_model_data": 1100
            },
            "model": "custom/map/wgsgn"
        },
        {
            "predicate": {
                "custom_model_data": 1101
            },
            "model": "custom/map/gwwgo"
        },
        {
            "predicate": {
                "custom_model_data": 1102
            },
            "model": "custom/map/swwso"
        },
        {
            "predicate": {
                "custom_model_data": 1103
            },
            "model": "custom/map/sggwo"
        },
        {
            "predicate": {
                "custom_model_data": 1104
            },
            "model": "custom/map/wsgwe"
        },
        {
            "predicate": {
                "custom_model_data": 1105
            },
            "model": "custom/map/gwwgn"
        },
        {
            "predicate": {
                "custom_model_data": 1106
            },
            "model": "custom/map/gwsse"
        },
        {
            "predicate": {
                "custom_model_data": 1107
            },
            "model": "custom/map/gsswn"
        },
        {
            "predicate": {
                "custom_model_data": 1108
            },
            "model": "custom/map/gsgwo"
        },
        {
            "predicate": {
                "custom_model_data": 1109
            },
            "model": "custom/map/sggwe"
        },
        {
            "predicate": {
                "custom_model_data": 1110
            },
            "model": "custom/map/wswsn"
        },
        {
            "predicate": {
                "custom_model_data": 1111
            },
            "model": "custom/map/swsso"
        },
        {
            "predicate": {
                "custom_model_data": 1112
            },
            "model": "custom/map/wsswn"
        },
        {
            "predicate": {
                "custom_model_data": 1113
            },
            "model": "custom/map/wwgse"
        },
        {
            "predicate": {
                "custom_model_data": 1114
            },
            "model": "custom/map/swswo"
        },
        {
            "predicate": {
                "custom_model_data": 1115
            },
            "model": "custom/map/wswwn"
        },
        {
            "predicate": {
                "custom_model_data": 1116
            },
            "model": "custom/map/wwggo"
        },
        {
            "predicate": {
                "custom_model_data": 1117
            },
            "model": "custom/map/gsswo"
        },
        {
            "predicate": {
                "custom_model_data": 1118
            },
            "model": "custom/map/wsswo"
        },
        {
            "predicate": {
                "custom_model_data": 1119
            },
            "model": "custom/map/ggwgo"
        },
        {
            "predicate": {
                "custom_model_data": 1120
            },
            "model": "custom/map/swwsn"
        },
        {
            "predicate": {
                "custom_model_data": 1121
            },
            "model": "custom/map/sgggn"
        },
        {
            "predicate": {
                "custom_model_data": 1122
            },
            "model": "custom/map/gwwwo"
        },
        {
            "predicate": {
                "custom_model_data": 1123
            },
            "model": "custom/map/sggso"
        },
        {
            "predicate": {
                "custom_model_data": 1124
            },
            "model": "custom/map/wsggo"
        },
        {
            "predicate": {
                "custom_model_data": 1125
            },
            "model": "custom/map/wgwgo"
        },
        {
            "predicate": {
                "custom_model_data": 1126
            },
            "model": "custom/map/wssse"
        },
        {
            "predicate": {
                "custom_model_data": 1127
            },
            "model": "custom/map/ggggn"
        },
        {
            "predicate": {
                "custom_model_data": 1128
            },
            "model": "custom/map/swgsn"
        },
        {
            "predicate": {
                "custom_model_data": 1129
            },
            "model": "custom/map/sgwwn"
        },
        {
            "predicate": {
                "custom_model_data": 1130
            },
            "model": "custom/map/gwwwn"
        },
        {
            "predicate": {
                "custom_model_data": 1131
            },
            "model": "custom/map/gswse"
        },
        {
            "predicate": {
                "custom_model_data": 1132
            },
            "model": "custom/map/gswgo"
        },
        {
            "predicate": {
                "custom_model_data": 1133
            },
            "model": "custom/map/gwwso"
        },
        {
            "predicate": {
                "custom_model_data": 1134
            },
            "model": "custom/map/ssgwo"
        },
        {
            "predicate": {
                "custom_model_data": 1135
            },
            "model": "custom/map/swggn"
        },
        {
            "predicate": {
                "custom_model_data": 1136
            },
            "model": "custom/map/wwwsn"
        },
        {
            "predicate": {
                "custom_model_data": 1137
            },
            "model": "custom/map/sgswo"
        },
        {
            "predicate": {
                "custom_model_data": 1138
            },
            "model": "custom/map/wggwe"
        },
        {
            "predicate": {
                "custom_model_data": 1139
            },
            "model": "custom/map/gwgge"
        },
        {
            "predicate": {
                "custom_model_data": 1140
            },
            "model": "custom/map/sswso"
        },
        {
            "predicate": {
                "custom_model_data": 1141
            },
            "model": "custom/map/ggswe"
        },
        {
            "predicate": {
                "custom_model_data": 1142
            },
            "model": "custom/map/wwgwe"
        },
        {
            "predicate": {
                "custom_model_data": 1143
            },
            "model": "custom/map/gsssn"
        },
        {
            "predicate": {
                "custom_model_data": 1144
            },
            "model": "custom/map/sgswe"
        },
        {
            "predicate": {
                "custom_model_data": 1145
            },
            "model": "custom/map/sssgo"
        },
        {
            "predicate": {
                "custom_model_data": 1146
            },
            "model": "custom/map/sggsn"
        },
        {
            "predicate": {
                "custom_model_data": 1147
            },
            "model": "custom/map/gwgse"
        },
        {
            "predicate": {
                "custom_model_data": 1148
            },
            "model": "custom/map/swgwe"
        },
        {
            "predicate": {
                "custom_model_data": 1149
            },
            "model": "custom/map/wwgsn"
        },
        {
            "predicate": {
                "custom_model_data": 1150
            },
            "model": "custom/map/wggwo"
        },
        {
            "predicate": {
                "custom_model_data": 1151
            },
            "model": "custom/map/wwwge"
        },
        {
            "predicate": {
                "custom_model_data": 1152
            },
            "model": "custom/map/ssswn"
        },
        {
            "predicate": {
                "custom_model_data": 1153
            },
            "model": "custom/map/ssswo"
        },
        {
            "predicate": {
                "custom_model_data": 1154
            },
            "model": "custom/map/wgsgo"
        },
        {
            "predicate": {
                "custom_model_data": 1155
            },
            "model": "custom/map/gggsn"
        },
        {
            "predicate": {
                "custom_model_data": 1156
            },
            "model": "custom/map/gggwn"
        },
        {
            "predicate": {
                "custom_model_data": 1157
            },
            "model": "custom/map/wwggn"
        },
        {
            "predicate": {
                "custom_model_data": 1158
            },
            "model": "custom/map/ggwwo"
        },
        {
            "predicate": {
                "custom_model_data": 1159
            },
            "model": "custom/map/gwggn"
        },
        {
            "predicate": {
                "custom_model_data": 1160
            },
            "model": "custom/map/wgsso"
        },
        {
            "predicate": {
                "custom_model_data": 1161
            },
            "model": "custom/map/wswwe"
        },
        {
            "predicate": {
                "custom_model_data": 1162
            },
            "model": "custom/map/wsgge"
        },
        {
            "predicate": {
                "custom_model_data": 1163
            },
            "model": "custom/map/wswgn"
        },
        {
            "predicate": {
                "custom_model_data": 1164
            },
            "model": "custom/map/gswwo"
        },
        {
            "predicate": {
                "custom_model_data": 1165
            },
            "model": "custom/map/gsggo"
        },
        {
            "predicate": {
                "custom_model_data": 1166
            },
            "model": "custom/map/wgwge"
        },
        {
            "predicate": {
                "custom_model_data": 1167
            },
            "model": "custom/map/swggo"
        },
        {
            "predicate": {
                "custom_model_data": 1168
            },
            "model": "custom/map/gwswn"
        },
        {
            "predicate": {
                "custom_model_data": 1169
            },
            "model": "custom/map/sgwsn"
        },
        {
            "predicate": {
                "custom_model_data": 1170
            },
            "model": "custom/map/gsgwe"
        },
        {
            "predicate": {
                "custom_model_data": 1171
            },
            "model": "custom/map/wwsge"
        },
        {
            "predicate": {
                "custom_model_data": 1172
            },
            "model": "custom/map/gswso"
        },
        {
            "predicate": {
                "custom_model_data": 1173
            },
            "model": "custom/map/wswse"
        },
        {
            "predicate": {
                "custom_model_data": 1174
            },
            "model": "custom/map/sgwgn"
        },
        {
            "predicate": {
                "custom_model_data": 1175
            },
            "model": "custom/map/ggsge"
        },
        {
            "predicate": {
                "custom_model_data": 1176
            },
            "model": "custom/map/gsgso"
        },
        {
            "predicate": {
                "custom_model_data": 1177
            },
            "model": "custom/map/wwsso"
        },
        {
            "predicate": {
                "custom_model_data": 1178
            },
            "model": "custom/map/sgsso"
        },
        {
            "predicate": {
                "custom_model_data": 1179
            },
            "model": "custom/map/gwgso"
        },
        {
            "predicate": {
                "custom_model_data": 1180
            },
            "model": "custom/map/wsgse"
        },
        {
            "predicate": {
                "custom_model_data": 1181
            },
            "model": "custom/map/swgse"
        },
        {
            "predicate": {
                "custom_model_data": 1182
            },
            "model": "custom/map/gswgn"
        },
        {
            "predicate": {
                "custom_model_data": 1183
            },
            "model": "custom/map/ggwwn"
        },
        {
            "predicate": {
                "custom_model_data": 1184
            },
            "model": "custom/map/swwwn"
        },
        {
            "predicate": {
                "custom_model_data": 1185
            },
            "model": "custom/map/swgwn"
        },
        {
            "predicate": {
                "custom_model_data": 1186
            },
            "model": "custom/map/wwswe"
        },
        {
            "predicate": {
                "custom_model_data": 1187
            },
            "model": "custom/map/sgwse"
        },
        {
            "predicate": {
                "custom_model_data": 1188
            },
            "model": "custom/map/sswwo"
        },
        {
            "predicate": {
                "custom_model_data": 1189
            },
            "model": "custom/map/wwwgo"
        },
        {
            "predicate": {
                "custom_model_data": 1190
            },
            "model": "custom/map/sgsse"
        },
        {
            "predicate": {
                "custom_model_data": 1191
            },
            "model": "custom/map/wgwwe"
        },
        {
            "predicate": {
                "custom_model_data": 1192
            },
            "model": "custom/map/gswwe"
        },
        {
            "predicate": {
                "custom_model_data": 1193
            },
            "model": "custom/map/gswge"
        },
        {
            "predicate": {
                "custom_model_data": 1194
            },
            "model": "custom/map/ggsso"
        },
        {
            "predicate": {
                "custom_model_data": 1195
            },
            "model": "custom/map/wswgo"
        },
        {
            "predicate": {
                "custom_model_data": 1196
            },
            "model": "custom/map/gggge"
        },
        {
            "predicate": {
                "custom_model_data": 1197
            },
            "model": "custom/map/sssso"
        },
        {
            "predicate": {
                "custom_model_data": 1198
            },
            "model": "custom/map/wgswn"
        },
        {
            "predicate": {
                "custom_model_data": 1199
            },
            "model": "custom/map/wgggo"
        },
        {
            "predicate": {
                "custom_model_data": 1200
            },
            "model": "custom/map/ssssn"
        },
        {
            "predicate": {
                "custom_model_data": 1201
            },
            "model": "custom/map/ssgso"
        },
        {
            "predicate": {
                "custom_model_data": 1202
            },
            "model": "custom/map/wsgwn"
        },
        {
            "predicate": {
                "custom_model_data": 1203
            },
            "model": "custom/map/wwwwe"
        },
        {
            "predicate": {
                "custom_model_data": 1204
            },
            "model": "custom/map/ggwse"
        },
        {
            "predicate": {
                "custom_model_data": 1205
            },
            "model": "custom/map/sggge"
        },
        {
            "predicate": {
                "custom_model_data": 1206
            },
            "model": "custom/map/ssgse"
        },
        {
            "predicate": {
                "custom_model_data": 1207
            },
            "model": "custom/map/swwwo"
        },
        {
            "predicate": {
                "custom_model_data": 1208
            },
            "model": "custom/map/wwgge"
        },
        {
            "predicate": {
                "custom_model_data": 1209
            },
            "model": "custom/map/wggsn"
        },
        {
            "predicate": {
                "custom_model_data": 1210
            },
            "model": "custom/map/wgssn"
        },
        {
            "predicate": {
                "custom_model_data": 1211
            },
            "model": "custom/map/wsgso"
        },
        {
            "predicate": {
                "custom_model_data": 1212
            },
            "model": "custom/map/sswse"
        },
        {
            "predicate": {
                "custom_model_data": 1213
            },
            "model": "custom/map/gggwo"
        },
        {
            "predicate": {
                "custom_model_data": 1214
            },
            "model": "custom/map/sgggo"
        },
        {
            "predicate": {
                "custom_model_data": 1215
            },
            "model": "custom/map/ggwgn"
        },
        {
            "predicate": {
                "custom_model_data": 1216
            },
            "model": "custom/map/gswsn"
        },
        {
            "predicate": {
                "custom_model_data": 1217
            },
            "model": "custom/map/wsssn"
        },
        {
            "predicate": {
                "custom_model_data": 1218
            },
            "model": "custom/map/gggso"
        },
        {
            "predicate": {
                "custom_model_data": 1219
            },
            "model": "custom/map/wgwse"
        },
        {
            "predicate": {
                "custom_model_data": 1220
            },
            "model": "custom/map/gssso"
        },
        {
            "predicate": {
                "custom_model_data": 1221
            },
            "model": "custom/map/swgge"
        },
        {
            "predicate": {
                "custom_model_data": 1222
            },
            "model": "custom/map/ggsse"
        },
        {
            "predicate": {
                "custom_model_data": 1223
            },
            "model": "custom/map/swssn"
        },
        {
            "predicate": {
                "custom_model_data": 1224
            },
            "model": "custom/map/wwwso"
        },
        {
            "predicate": {
                "custom_model_data": 1225
            },
            "model": "custom/map/sgwge"
        },
        {
            "predicate": {
                "custom_model_data": 1226
            },
            "model": "custom/map/gwgwn"
        },
        {
            "predicate": {
                "custom_model_data": 1227
            },
            "model": "custom/map/ggsgo"
        },
        {
            "predicate": {
                "custom_model_data": 1228
            },
            "model": "custom/map/ssgsn"
        },
        {
            "predicate": {
                "custom_model_data": 1229
            },
            "model": "custom/map/wwwwo"
        },
        {
            "predicate": {
                "custom_model_data": 1230
            },
            "model": "custom/map/gwgwo"
        },
        {
            "predicate": {
                "custom_model_data": 1231
            },
            "model": "custom/map/sgwwe"
        },
        {
            "predicate": {
                "custom_model_data": 1232
            },
            "model": "custom/map/gwgwe"
        },
        {
            "predicate": {
                "custom_model_data": 1233
            },
            "model": "custom/map/gwswo"
        },
        {
            "predicate": {
                "custom_model_data": 1234
            },
            "model": "custom/map/gssge"
        },
        {
            "predicate": {
                "custom_model_data": 1235
            },
            "model": "custom/map/wgggn"
        },
        {
            "predicate": {
                "custom_model_data": 1236
            },
            "model": "custom/map/swwgn"
        },
        {
            "predicate": {
                "custom_model_data": 1237
            },
            "model": "custom/map/ssgwn"
        },
        {
            "predicate": {
                "custom_model_data": 1238
            },
            "model": "custom/map/sssgn"
        },
        {
            "predicate": {
                "custom_model_data": 1239
            },
            "model": "custom/map/swwgo"
        },
        {
            "predicate": {
                "custom_model_data": 1240
            },
            "model": "custom/map/gsswe"
        },
        {
            "predicate": {
                "custom_model_data": 1241
            },
            "model": "custom/map/wsswe"
        },
        {
            "predicate": {
                "custom_model_data": 1242
            },
            "model": "custom/map/sswgn"
        }
    ]
}